annee;nom_commune;code_commune;domaine_de_tension;nb_sites_photovoltaique_enedis;energie_produite_annuelle_photovoltaique_enedis_mwh;nb_sites_hydraulique_enedis;energie_produite_annuelle_hydraulique_enedis_mwh;nb_sites_bio_energie_enedis;energie_produite_annuelle_bio_energie_enedis_mwh;nb_sites_cogeneration_enedis;energie_produite_annuelle_cogeneration_enedis_mwh;nb_sites_autres_filieres_enedis;energie_produite_annuelle_autres_filieres_enedis_mwh;gid
2015;Albigny-sur-Saône;69003;BT <= 36 kVA;;;0;0;0;0;0;0;0;0;1
2016;Albigny-sur-Saône;69003;BT <= 36 kVA;;;0;0;0;0;0;0;0;0;2
2017;Albigny-sur-Saône;69003;BT <= 36 kVA;;;0;0;0;0;0;0;0;0;3
2018;Albigny-sur-Saône;69003;BT <= 36 kVA;;;0;0;0;0;0;0;0;0;4
2019;Albigny-sur-Saône;69003;BT <= 36 kVA;;;0;0;0;0;0;0;0;0;5
2020;Albigny-sur-Saône;69003;BT <= 36 kVA;10;25,94046415;0;0;0;0;0;0;0;0;6
2021;Albigny-sur-Saône;69003;BT <= 36 kVA;13;23,238;0;0;0;0;0;0;0;0;7
2022;Albigny-sur-Saône;69003;BT <= 36 kVA;18;30,084;0;0;0;0;0;0;0;0;8
2023;Albigny-sur-Saône;69003;BT <= 36 kVA;27;51,626;0;0;0;0;0;0;0;0;9
2015;Bron;69029;BT <= 36 kVA;58;238,7379226;0;0;0;0;0;0;0;0;10
2015;Bron;69029;BT > 36 kVA;2;104,0207447;0;0;0;0;0;0;0;0;11
2015;Bron;69029;HTA;0;0;0;0;0;0;2;20579,442;0;0;12
2016;Bron;69029;BT <= 36 kVA;59;225,273681;0;0;0;0;0;0;0;0;13
2016;Bron;69029;BT > 36 kVA;2;99,19841715;0;0;0;0;0;0;0;0;14
2016;Bron;69029;HTA;0;0;0;0;0;0;3;24636,272;0;0;15
2017;Bron;69029;BT <= 36 kVA;62;235,06;0;0;0;0;0;0;0;0;16
2017;Bron;69029;BT > 36 kVA;2;127,654;0;0;0;0;0;0;0;0;17
2017;Bron;69029;HTA;0;0;0;0;0;0;3;34644,659;0;0;18
2018;Bron;69029;BT <= 36 kVA;69;265,8277586;0;0;0;0;0;0;0;0;19
2018;Bron;69029;BT > 36 kVA;2;111,6612362;0;0;0;0;0;0;0;0;20
2018;Bron;69029;HTA;0;0;0;0;0;0;3;35833,963;0;0;21
2019;Bron;69029;BT <= 36 kVA;75;286,9106708;0;0;0;0;0;0;0;0;22
2019;Bron;69029;BT > 36 kVA;2;95,591;0;0;0;0;0;0;0;0;23
2019;Bron;69029;HTA;0;0;0;0;0;0;3;34893,78167;0;0;24
2020;Bron;69029;BT <= 36 kVA;80;271,8249418;0;0;0;0;0;0;0;0;25
2020;Bron;69029;BT > 36 kVA;3;60,6025;0;0;0;0;1;19,64233333;0;0;26
2020;Bron;69029;HTA;0;0;0;0;0;0;3;30115,31017;0;0;27
2021;Bron;69029;BT <= 36 kVA;95;311,555;0;0;0;0;0;0;0;0;28
2021;Bron;69029;BT > 36 kVA;2;95,734;0;0;0;0;1;776,457;1;542,559;29
2021;Bron;69029;HTA;0;0;0;0;0;0;3;31767,087;0;0;30
2022;Bron;69029;BT <= 36 kVA;106;368,047;0;0;0;0;0;0;0;0;31
2022;Bron;69029;BT > 36 kVA;2;78,413;0;0;0;0;1;785,951;1;446,188;32
2022;Bron;69029;HTA;0;0;0;0;0;0;2;13261,112;0;0;33
2023;Bron;69029;BT <= 36 kVA;143;422,411;0;0;0;0;0;0;0;0;34
2023;Bron;69029;BT > 36 kVA;3;72,803;0;0;0;0;2;1480,229;0;0;35
2023;Bron;69029;HTA;2;50,367;0;0;0;0;2;15766,781;0;0;36
2015;Cailloux-sur-Fontaines;69033;BT <= 36 kVA;32;91,68683837;0;0;0;0;0;0;0;0;37
2016;Cailloux-sur-Fontaines;69033;BT <= 36 kVA;32;92,84914312;0;0;0;0;0;0;0;0;38
2017;Cailloux-sur-Fontaines;69033;BT <= 36 kVA;33;96,179;0;0;0;0;0;0;0;0;39
2018;Cailloux-sur-Fontaines;69033;BT <= 36 kVA;38;106,7870909;0;0;0;0;0;0;0;0;40
2019;Cailloux-sur-Fontaines;69033;BT <= 36 kVA;40;125,9636635;0;0;0;0;0;0;0;0;41
2020;Cailloux-sur-Fontaines;69033;BT <= 36 kVA;45;134,9743338;0;0;0;0;0;0;0;0;42
2020;Cailloux-sur-Fontaines;69033;BT > 36 kVA;1;13,174;0;0;0;0;0;0;0;0;43
2021;Cailloux-sur-Fontaines;69033;BT <= 36 kVA;49;129,783;0;0;0;0;0;0;0;0;44
2021;Cailloux-sur-Fontaines;69033;BT > 36 kVA;1;18,764;0;0;0;0;0;0;0;0;45
2022;Cailloux-sur-Fontaines;69033;BT <= 36 kVA;59;147,675;0;0;0;0;0;0;0;0;46
2022;Cailloux-sur-Fontaines;69033;BT > 36 kVA;1;4,084;0;0;0;0;0;0;0;0;47
2021;Lyon;69123;BT <= 36 kVA;180;859,102;0;0;0;0;0;0;0;0;329
2023;Cailloux-sur-Fontaines;69033;BT <= 36 kVA;76;171,409;0;0;0;0;0;0;0;0;48
2023;Cailloux-sur-Fontaines;69033;BT > 36 kVA;3;18,248;0;0;0;0;0;0;0;0;49
2015;Caluire-et-Cuire;69034;BT <= 36 kVA;67;173,1605106;0;0;0;0;0;0;0;0;50
2015;Caluire-et-Cuire;69034;BT > 36 kVA;1;83,456;0;0;0;0;0;0;0;0;51
2016;Caluire-et-Cuire;69034;BT <= 36 kVA;72;181,12761;0;0;0;0;0;0;0;0;52
2016;Caluire-et-Cuire;69034;BT > 36 kVA;1;100,049;0;0;0;0;0;0;0;0;53
2017;Caluire-et-Cuire;69034;BT <= 36 kVA;76;238,379;0;0;0;0;0;0;0;0;54
2017;Caluire-et-Cuire;69034;BT > 36 kVA;1;107,574;0;0;0;0;0;0;0;0;55
2018;Caluire-et-Cuire;69034;BT <= 36 kVA;77;228,3604943;0;0;0;0;0;0;0;0;56
2018;Caluire-et-Cuire;69034;BT > 36 kVA;1;105,5446667;0;0;0;0;0;0;0;0;57
2019;Caluire-et-Cuire;69034;BT <= 36 kVA;78;223,2225458;0;0;0;0;0;0;0;0;58
2019;Caluire-et-Cuire;69034;BT > 36 kVA;1;109,0885;0;0;0;0;0;0;0;0;59
2019;Caluire-et-Cuire;69034;HTA;0;0;1;74,27766667;0;0;0;0;0;0;60
2020;Caluire-et-Cuire;69034;BT <= 36 kVA;87;217,3698466;0;0;0;0;0;0;0;0;61
2020;Caluire-et-Cuire;69034;BT > 36 kVA;1;107,4405;0;0;0;0;0;0;0;0;62
2020;Caluire-et-Cuire;69034;HTA;0;0;1;7,02;0;0;0;0;0;0;63
2021;Caluire-et-Cuire;69034;BT <= 36 kVA;99;226,453;0;0;0;0;0;0;0;0;64
2021;Caluire-et-Cuire;69034;BT > 36 kVA;1;102,128;0;0;0;0;0;0;0;0;65
2021;Caluire-et-Cuire;69034;HTA;0;0;1;8,615;0;0;0;0;0;0;66
2022;Caluire-et-Cuire;69034;BT <= 36 kVA;109;265,848;0;0;0;0;0;0;0;0;67
2022;Caluire-et-Cuire;69034;BT > 36 kVA;1;105,191;0;0;0;0;0;0;0;0;68
2022;Caluire-et-Cuire;69034;HTA;0;0;1;0;0;0;0;0;0;0;69
2023;Caluire-et-Cuire;69034;BT <= 36 kVA;139;318,026;0;0;0;0;0;0;0;0;70
2023;Caluire-et-Cuire;69034;BT > 36 kVA;1;83,268;0;0;0;0;0;0;0;0;71
2023;Caluire-et-Cuire;69034;HTA;0;0;1;0,398;0;0;0;0;0;0;72
2015;Champagne-au-Mont-d'Or;69040;BT <= 36 kVA;21;63,06755708;0;0;0;0;0;0;0;0;73
2016;Champagne-au-Mont-d'Or;69040;BT <= 36 kVA;;;0;0;0;0;0;0;0;0;74
2017;Champagne-au-Mont-d'Or;69040;BT <= 36 kVA;;;0;0;0;0;0;0;0;0;75
2018;Champagne-au-Mont-d'Or;69040;BT <= 36 kVA;;;0;0;0;0;0;0;0;0;76
2019;Champagne-au-Mont-d'Or;69040;BT <= 36 kVA;;;0;0;0;0;0;0;0;0;77
2020;Champagne-au-Mont-d'Or;69040;BT <= 36 kVA;27;74,83016358;0;0;0;0;0;0;0;0;78
2021;Champagne-au-Mont-d'Or;69040;BT <= 36 kVA;;;0;0;0;0;0;0;0;0;79
2022;Champagne-au-Mont-d'Or;69040;BT <= 36 kVA;36;91,39;0;0;0;0;0;0;0;0;80
2023;Champagne-au-Mont-d'Or;69040;BT <= 36 kVA;49;97,643;0;0;0;0;0;0;0;0;81
2015;Charbonnières-les-Bains;69044;BT <= 36 kVA;15;49,42814334;0;0;0;0;0;0;0;0;82
2016;Charbonnières-les-Bains;69044;BT <= 36 kVA;16;47,97698433;0;0;0;0;0;0;0;0;83
2017;Charbonnières-les-Bains;69044;BT <= 36 kVA;16;50,728;0;0;0;0;0;0;0;0;84
2018;Charbonnières-les-Bains;69044;BT <= 36 kVA;15;44,81816995;0;0;0;0;0;0;0;0;85
2019;Charbonnières-les-Bains;69044;BT <= 36 kVA;19;59,31743963;0;0;0;0;0;0;0;0;86
2020;Charbonnières-les-Bains;69044;BT <= 36 kVA;22;65,52916858;0;0;0;0;0;0;0;0;87
2021;Charbonnières-les-Bains;69044;BT <= 36 kVA;27;75,452;0;0;0;0;0;0;0;0;88
2022;Charbonnières-les-Bains;69044;BT <= 36 kVA;35;82,351;0;0;0;0;0;0;0;0;89
2023;Charbonnières-les-Bains;69044;BT <= 36 kVA;62;139,613;0;0;0;0;0;0;0;0;90
2015;Charly;69046;BT <= 36 kVA;48;162,3840814;0;0;0;0;0;0;0;0;91
2016;Charly;69046;BT <= 36 kVA;50;157,4000408;0;0;0;0;0;0;0;0;92
2017;Charly;69046;BT <= 36 kVA;50;168,712;0;0;0;0;0;0;0;0;93
2018;Charly;69046;BT <= 36 kVA;52;179,1170767;0;0;0;0;0;0;0;0;94
2019;Charly;69046;BT <= 36 kVA;56;195,1679085;0;0;0;0;0;0;0;0;95
2020;Charly;69046;BT <= 36 kVA;63;201,0824014;0;0;0;0;0;0;0;0;96
2021;Charly;69046;BT <= 36 kVA;64;192,602;0;0;0;0;0;0;0;0;97
2022;Charly;69046;BT <= 36 kVA;83;237,88;0;0;0;0;0;0;0;0;98
2023;Charly;69046;BT <= 36 kVA;118;292,23;0;0;0;0;0;0;0;0;99
2015;Collonges-au-Mont-d'Or;69063;BT <= 36 kVA;20;59,16324602;0;0;0;0;0;0;0;0;100
2016;Collonges-au-Mont-d'Or;69063;BT <= 36 kVA;22;57,43079083;0;0;0;0;0;0;0;0;101
2017;Collonges-au-Mont-d'Or;69063;BT <= 36 kVA;22;67,405;0;0;0;0;0;0;0;0;102
2018;Collonges-au-Mont-d'Or;69063;BT <= 36 kVA;24;80,865615;0;0;0;0;0;0;0;0;103
2019;Collonges-au-Mont-d'Or;69063;BT <= 36 kVA;24;70,1122255;0;0;0;0;0;0;0;0;104
2020;Collonges-au-Mont-d'Or;69063;BT <= 36 kVA;26;69,67019178;0;0;0;0;0;0;0;0;105
2021;Collonges-au-Mont-d'Or;69063;BT <= 36 kVA;30;97,249;0;0;0;0;0;0;0;0;106
2022;Collonges-au-Mont-d'Or;69063;BT <= 36 kVA;38;115,577;0;0;0;0;0;0;0;0;107
2023;Collonges-au-Mont-d'Or;69063;BT <= 36 kVA;57;127,914;0;0;0;0;0;0;0;0;108
2015;Couzon-au-Mont-d'Or;69068;BT <= 36 kVA;10;33,91634297;0;0;0;0;0;0;0;0;109
2015;Couzon-au-Mont-d'Or;69068;HTA;0;0;1;12107,913;0;0;0;0;0;0;110
2016;Couzon-au-Mont-d'Or;69068;BT <= 36 kVA;10;32,95682498;0;0;0;0;0;0;0;0;111
2016;Couzon-au-Mont-d'Or;69068;HTA;0;0;1;12517,619;0;0;0;0;0;0;112
2017;Couzon-au-Mont-d'Or;69068;BT <= 36 kVA;;;0;0;0;0;0;0;0;0;113
2017;Couzon-au-Mont-d'Or;69068;HTA;0;0;1;12312,901;0;0;0;0;0;0;114
2018;Couzon-au-Mont-d'Or;69068;BT <= 36 kVA;10;35,98966412;0;0;0;0;0;0;0;0;115
2018;Couzon-au-Mont-d'Or;69068;HTA;0;0;1;10349,886;0;0;0;0;0;0;116
2019;Couzon-au-Mont-d'Or;69068;BT <= 36 kVA;10;36,23016615;0;0;0;0;0;0;0;0;117
2019;Couzon-au-Mont-d'Or;69068;HTA;0;0;1;17238,37767;0;0;0;0;0;0;118
2020;Couzon-au-Mont-d'Or;69068;BT <= 36 kVA;11;36,62140504;0;0;0;0;0;0;0;0;119
2020;Couzon-au-Mont-d'Or;69068;HTA;0;0;1;15245,826;0;0;0;0;0;0;120
2021;Couzon-au-Mont-d'Or;69068;BT <= 36 kVA;12;37,076;0;0;0;0;0;0;0;0;121
2021;Couzon-au-Mont-d'Or;69068;HTA;0;0;1;16167,87;0;0;0;0;0;0;122
2022;Couzon-au-Mont-d'Or;69068;BT <= 36 kVA;14;33,284;0;0;0;0;0;0;0;0;123
2022;Couzon-au-Mont-d'Or;69068;HTA;0;0;1;14865,994;0;0;0;0;0;0;124
2023;Couzon-au-Mont-d'Or;69068;BT <= 36 kVA;19;37,678;0;0;0;0;0;0;0;0;125
2023;Couzon-au-Mont-d'Or;69068;HTA;0;0;1;10185,047;0;0;0;0;0;0;126
2015;Craponne;69069;BT <= 36 kVA;;;0;0;0;0;0;0;0;0;127
2015;Craponne;69069;BT > 36 kVA;1;188,4099797;0;0;0;0;0;0;0;0;128
2016;Craponne;69069;BT <= 36 kVA;66;202,6212769;0;0;0;0;0;0;0;0;129
2016;Craponne;69069;BT > 36 kVA;1;228,8929723;0;0;0;0;0;0;0;0;130
2017;Craponne;69069;BT <= 36 kVA;;;0;0;0;0;0;0;0;0;131
2017;Craponne;69069;BT > 36 kVA;1;247,412;0;0;0;0;0;0;0;0;132
2018;Craponne;69069;BT <= 36 kVA;72;212,1222036;0;0;0;0;0;0;0;0;133
2018;Craponne;69069;BT > 36 kVA;1;239,857479;0;0;0;0;0;0;0;0;134
2019;Craponne;69069;BT <= 36 kVA;;;0;0;0;0;0;0;0;0;135
2019;Craponne;69069;BT > 36 kVA;1;245,777;0;0;0;0;0;0;0;0;136
2020;Craponne;69069;BT <= 36 kVA;;;0;0;0;0;0;0;0;0;137
2020;Craponne;69069;BT > 36 kVA;1;247,266;0;0;0;0;0;0;0;0;138
2021;Craponne;69069;BT <= 36 kVA;89;226,021;0;0;0;0;0;0;0;0;139
2021;Craponne;69069;BT > 36 kVA;1;230,654;0;0;0;0;0;0;0;0;140
2022;Craponne;69069;BT <= 36 kVA;99;259,638;0;0;0;0;0;0;0;0;141
2022;Craponne;69069;BT > 36 kVA;1;243,51;0;0;0;0;0;0;0;0;142
2023;Craponne;69069;BT <= 36 kVA;138;298,152;0;0;0;0;0;0;0;0;143
2023;Craponne;69069;BT > 36 kVA;1;234,401;0;0;0;0;0;0;0;0;144
2015;Curis-au-Mont-d'Or;69071;BT <= 36 kVA;;;0;0;0;0;0;0;0;0;145
2016;Curis-au-Mont-d'Or;69071;BT <= 36 kVA;;;0;0;0;0;0;0;0;0;146
2017;Curis-au-Mont-d'Or;69071;BT <= 36 kVA;;;0;0;0;0;0;0;0;0;147
2018;Curis-au-Mont-d'Or;69071;BT <= 36 kVA;;;0;0;0;0;0;0;0;0;148
2019;Curis-au-Mont-d'Or;69071;BT <= 36 kVA;;;0;0;0;0;0;0;0;0;149
2020;Curis-au-Mont-d'Or;69071;BT <= 36 kVA;;;0;0;0;0;0;0;0;0;150
2021;Curis-au-Mont-d'Or;69071;BT <= 36 kVA;;;0;0;0;0;0;0;0;0;151
2022;Curis-au-Mont-d'Or;69071;BT <= 36 kVA;;;0;0;0;0;0;0;0;0;152
2023;Curis-au-Mont-d'Or;69071;BT <= 36 kVA;18;56,423;0;0;0;0;0;0;0;0;153
2015;Dardilly;69072;BT <= 36 kVA;;;0;0;0;0;0;0;0;0;154
2015;Dardilly;69072;BT > 36 kVA;2;168,7632657;0;0;0;0;0;0;0;0;155
2016;Dardilly;69072;BT <= 36 kVA;62;206,1775091;0;0;0;0;0;0;0;0;156
2016;Dardilly;69072;BT > 36 kVA;2;148,4220312;0;0;0;0;0;0;0;0;157
2017;Dardilly;69072;BT <= 36 kVA;65;235,732;0;0;0;0;0;0;0;0;158
2017;Dardilly;69072;BT > 36 kVA;3;231,475;0;0;0;0;0;0;0;0;159
2017;Dardilly;69072;HTA;1;717,827;0;0;0;0;0;0;1;0,957;160
2018;Dardilly;69072;BT <= 36 kVA;65;258,4650221;0;0;0;0;0;0;0;0;161
2018;Dardilly;69072;BT > 36 kVA;3;264,8289961;0;0;0;0;0;0;0;0;162
2018;Dardilly;69072;HTA;1;1001,194;0;0;0;0;0;0;0;0;163
2019;Dardilly;69072;BT <= 36 kVA;71;266,5522331;0;0;0;0;0;0;0;0;164
2019;Dardilly;69072;BT > 36 kVA;3;259,594;0;0;0;0;0;0;0;0;165
2019;Dardilly;69072;HTA;1;1027,231167;0;0;0;0;0;0;0;0;166
2020;Dardilly;69072;BT <= 36 kVA;;;0;0;0;0;0;0;0;0;167
2020;Dardilly;69072;BT > 36 kVA;3;176,067;0;0;0;0;0;0;0;0;168
2020;Dardilly;69072;HTA;1;866,6528333;0;0;0;0;0;0;1;0;169
2021;Dardilly;69072;BT <= 36 kVA;87;279,514;0;0;0;0;0;0;0;0;170
2021;Dardilly;69072;BT > 36 kVA;4;175,642;0;0;0;0;0;0;0;0;171
2021;Dardilly;69072;HTA;1;825,449;0;0;0;0;0;0;1;0;172
2022;Dardilly;69072;BT <= 36 kVA;113;345,514;0;0;0;0;0;0;0;0;173
2022;Dardilly;69072;BT > 36 kVA;4;231,981;0;0;0;0;0;0;0;0;174
2022;Dardilly;69072;HTA;1;888,798;0;0;0;0;0;0;1;0;175
2023;Dardilly;69072;BT <= 36 kVA;146;446,766;0;0;0;0;0;0;0;0;176
2023;Dardilly;69072;BT > 36 kVA;6;447,009;0;0;0;0;0;0;0;0;177
2023;Dardilly;69072;HTA;1;887,548;0;0;0;0;0;0;1;0;178
2015;Écully;69081;BT <= 36 kVA;32;103,5835657;0;0;0;0;0;0;0;0;179
2015;Écully;69081;HTA;0;0;0;0;0;0;2;7716,872;0;0;180
2016;Écully;69081;BT <= 36 kVA;32;97,02921457;0;0;0;0;0;0;0;0;181
2016;Écully;69081;HTA;0;0;0;0;0;0;2;8359,017;0;0;182
2017;Écully;69081;BT <= 36 kVA;36;105,27;0;0;0;0;0;0;0;0;183
2017;Écully;69081;HTA;0;0;0;0;0;0;2;8649,558;0;0;184
2018;Écully;69081;BT <= 36 kVA;39;126,8354235;0;0;0;0;0;0;0;0;185
2018;Écully;69081;HTA;0;0;0;0;0;0;2;8894,935333;0;0;186
2019;Écully;69081;BT <= 36 kVA;41;137,4174224;0;0;0;0;0;0;0;0;187
2019;Écully;69081;HTA;0;0;0;0;0;0;2;8040,698;0;0;188
2020;Écully;69081;BT <= 36 kVA;48;144,6857417;0;0;0;0;0;0;0;0;189
2020;Écully;69081;HTA;0;0;0;0;0;0;2;8323,937;0;0;190
2021;Écully;69081;BT <= 36 kVA;50;138;0;0;0;0;0;0;0;0;191
2021;Écully;69081;HTA;0;0;0;0;0;0;2;7441,073;0;0;192
2022;Écully;69081;BT <= 36 kVA;59;165,914;0;0;0;0;0;0;0;0;193
2022;Écully;69081;HTA;0;0;0;0;0;0;1;1788,603;0;0;194
2023;Écully;69081;BT <= 36 kVA;91;216,532;0;0;0;0;0;0;0;0;195
2023;Écully;69081;HTA;0;0;0;0;0;0;1;2014,982;0;0;196
2015;Fleurieu-sur-Saône;69085;BT <= 36 kVA;12;34,95749389;0;0;0;0;0;0;0;0;197
2016;Fleurieu-sur-Saône;69085;BT <= 36 kVA;12;34,77761926;0;0;0;0;0;0;0;0;198
2017;Fleurieu-sur-Saône;69085;BT <= 36 kVA;13;38,054;0;0;0;0;0;0;0;0;199
2018;Fleurieu-sur-Saône;69085;BT <= 36 kVA;13;38,36952807;0;0;0;0;0;0;0;0;200
2019;Fleurieu-sur-Saône;69085;BT <= 36 kVA;14;41,06162169;0;0;0;0;0;0;0;0;201
2020;Fleurieu-sur-Saône;69085;BT <= 36 kVA;14;38,50629162;0;0;0;0;0;0;0;0;202
2021;Fleurieu-sur-Saône;69085;BT <= 36 kVA;16;40,734;0;0;0;0;0;0;0;0;203
2022;Fleurieu-sur-Saône;69085;BT <= 36 kVA;19;50,351;0;0;0;0;0;0;0;0;204
2022;Fleurieu-sur-Saône;69085;HTA;1;0,798;0;0;0;0;0;0;0;0;205
2023;Fleurieu-sur-Saône;69085;BT <= 36 kVA;31;85,565;0;0;0;0;0;0;0;0;206
2023;Fleurieu-sur-Saône;69085;HTA;1;1,896;0;0;0;0;0;0;0;0;207
2015;Fontaines-Saint-Martin;69087;BT <= 36 kVA;11;25,43440924;0;0;0;0;0;0;0;0;208
2016;Fontaines-Saint-Martin;69087;BT <= 36 kVA;12;26,82423036;0;0;0;0;0;0;0;0;209
2017;Fontaines-Saint-Martin;69087;BT <= 36 kVA;12;29,225;0;0;0;0;0;0;0;0;210
2018;Fontaines-Saint-Martin;69087;BT <= 36 kVA;14;32,35702717;0;0;0;0;0;0;0;0;211
2019;Fontaines-Saint-Martin;69087;BT <= 36 kVA;17;35,57636484;0;0;0;0;0;0;0;0;212
2020;Fontaines-Saint-Martin;69087;BT <= 36 kVA;20;44,3342657;0;0;0;0;0;0;0;0;213
2021;Fontaines-Saint-Martin;69087;BT <= 36 kVA;26;54,008;0;0;0;0;0;0;0;0;214
2022;Fontaines-Saint-Martin;69087;BT <= 36 kVA;31;69,27;0;0;0;0;0;0;0;0;215
2023;Fontaines-Saint-Martin;69087;BT <= 36 kVA;51;98,046;0;0;0;0;0;0;0;0;216
2015;Fontaines-sur-Saône;69088;BT <= 36 kVA;;;0;0;0;0;0;0;0;0;217
2016;Fontaines-sur-Saône;69088;BT <= 36 kVA;;;0;0;0;0;0;0;0;0;218
2017;Fontaines-sur-Saône;69088;BT <= 36 kVA;;;0;0;0;0;0;0;0;0;219
2018;Fontaines-sur-Saône;69088;BT <= 36 kVA;;;0;0;0;0;0;0;0;0;220
2019;Fontaines-sur-Saône;69088;BT <= 36 kVA;;;0;0;0;0;0;0;0;0;221
2020;Fontaines-sur-Saône;69088;BT <= 36 kVA;;;0;0;0;0;0;0;0;0;222
2021;Fontaines-sur-Saône;69088;BT <= 36 kVA;10;15,612;0;0;0;0;0;0;0;0;223
2022;Fontaines-sur-Saône;69088;BT <= 36 kVA;;;0;0;0;0;0;0;0;0;224
2023;Fontaines-sur-Saône;69088;BT <= 36 kVA;;;0;0;0;0;0;0;0;0;225
2015;Francheville;69089;BT <= 36 kVA;53;172,0540002;0;0;0;0;0;0;0;0;226
2016;Francheville;69089;BT <= 36 kVA;55;170,4440893;0;0;0;0;0;0;0;0;227
2017;Francheville;69089;BT <= 36 kVA;61;200,862;0;0;0;0;0;0;0;0;228
2018;Francheville;69089;BT <= 36 kVA;64;210,2911643;0;0;0;0;0;0;0;0;229
2019;Francheville;69089;BT <= 36 kVA;69;228,1816885;0;0;0;0;0;0;0;0;230
2020;Francheville;69089;BT <= 36 kVA;74;231,0180862;0;0;0;0;0;0;0;0;231
2021;Francheville;69089;BT <= 36 kVA;84;214,375;0;0;0;0;0;0;0;0;232
2021;Francheville;69089;BT > 36 kVA;1;10,707;0;0;0;0;0;0;0;0;233
2022;Francheville;69089;BT <= 36 kVA;98;247,928;0;0;0;0;0;0;0;0;234
2022;Francheville;69089;BT > 36 kVA;1;50,693;0;0;0;0;0;0;0;0;235
2023;Francheville;69089;BT <= 36 kVA;132;287,523;0;0;0;0;0;0;0;0;236
2023;Francheville;69089;BT > 36 kVA;2;90,808;0;0;0;0;0;0;0;0;237
2015;Givors;69091;BT <= 36 kVA;52;175,2178415;0;0;0;0;0;0;0;0;238
2015;Givors;69091;BT > 36 kVA;1;109,6617605;0;0;0;0;0;0;0;0;239
2016;Givors;69091;BT <= 36 kVA;55;183,2401731;0;0;0;0;0;0;0;0;240
2016;Givors;69091;BT > 36 kVA;1;100,4487408;0;0;0;0;0;0;0;0;241
2017;Givors;69091;BT <= 36 kVA;57;197,065;0;0;0;0;0;0;0;0;242
2017;Givors;69091;BT > 36 kVA;1;111,134;0;0;0;0;0;0;0;0;243
2018;Givors;69091;BT <= 36 kVA;60;187,7192946;0;0;0;0;0;0;0;0;244
2018;Givors;69091;BT > 36 kVA;1;107,2110945;0;0;0;0;0;0;0;0;245
2019;Givors;69091;BT <= 36 kVA;68;215,9707713;0;0;0;0;0;0;0;0;246
2019;Givors;69091;BT > 36 kVA;1;113,338;0;0;0;0;0;0;0;0;247
2020;Givors;69091;BT <= 36 kVA;72;214,3362806;0;0;0;0;0;0;0;0;248
2020;Givors;69091;BT > 36 kVA;2;125,47;0;0;0;0;0;0;0;0;249
2020;Givors;69091;HTA;1;3,5575;0;0;0;0;0;0;0;0;250
2021;Givors;69091;BT <= 36 kVA;84;210,899;0;0;0;0;0;0;0;0;251
2021;Givors;69091;BT > 36 kVA;2;206,858;0;0;0;0;0;0;0;0;252
2021;Givors;69091;HTA;1;0;0;0;0;0;0;0;0;0;253
2022;Givors;69091;BT <= 36 kVA;96;264,587;0;0;0;0;0;0;0;0;254
2022;Givors;69091;BT > 36 kVA;2;220,38;0;0;0;0;0;0;0;0;255
2022;Givors;69091;HTA;1;0;0;0;0;0;0;0;0;0;256
2023;Givors;69091;BT <= 36 kVA;124;309,454;0;0;0;0;0;0;0;0;257
2023;Givors;69091;BT > 36 kVA;2;182,461;0;0;0;0;0;0;0;0;258
2023;Givors;69091;HTA;2;0,202;0;0;0;0;0;0;0;0;259
2015;Grigny;69096;BT <= 36 kVA;;;0;0;0;0;0;0;0;0;260
2016;Grigny;69096;BT <= 36 kVA;;;0;0;0;0;0;0;0;0;261
2017;Grigny;69096;BT <= 36 kVA;;;0;0;0;0;0;0;0;0;262
2018;Grigny;69096;BT <= 36 kVA;;;0;0;0;0;0;0;0;0;263
2019;Grigny;69096;BT <= 36 kVA;57;172,6263045;0;0;0;0;0;0;0;0;264
2020;Grigny;69096;BT <= 36 kVA;62;167,9836543;0;0;0;0;0;0;0;0;265
2021;Grigny;69096;BT <= 36 kVA;70;171,754;0;0;0;0;0;0;0;0;266
2022;Grigny;69096;BT <= 36 kVA;77;200,579;0;0;0;0;0;0;0;0;267
2023;Grigny;69096;BT <= 36 kVA;101;240,701;0;0;0;0;0;0;0;0;268
2015;Irigny;69100;BT <= 36 kVA;;;0;0;0;0;0;0;0;0;269
2015;Irigny;69100;HTA;0;0;0;0;0;0;1;6926,498;0;0;270
2016;Irigny;69100;BT <= 36 kVA;56;187,9146538;0;0;0;0;0;0;0;0;271
2016;Irigny;69100;HTA;0;0;0;0;0;0;1;6942,377;0;0;272
2017;Irigny;69100;BT <= 36 kVA;59;203,747;0;0;0;0;0;0;0;0;273
2017;Irigny;69100;HTA;0;0;0;0;0;0;1;6811,578;0;0;274
2018;Irigny;69100;BT <= 36 kVA;61;209,7932643;0;0;0;0;0;0;0;0;275
2018;Irigny;69100;HTA;0;0;0;0;0;0;1;6933,438167;0;0;276
2019;Irigny;69100;BT <= 36 kVA;65;221,7125898;0;0;0;0;0;0;0;0;277
2019;Irigny;69100;HTA;0;0;0;0;0;0;1;6522,853499;0;0;278
2020;Irigny;69100;BT <= 36 kVA;68;215,8554277;0;0;0;0;0;0;0;0;279
2020;Irigny;69100;HTA;1;1644,282167;0;0;0;0;0;0;1;4160,57175;280
2021;Irigny;69100;BT <= 36 kVA;72;206,891;0;0;0;0;0;0;0;0;281
2021;Irigny;69100;HTA;1;2052,461;0;0;0;0;2;3384,785;0;0;282
2022;Irigny;69100;BT <= 36 kVA;82;231,692;0;0;0;0;0;0;0;0;283
2022;Irigny;69100;BT > 36 kVA;1;129,569;0;0;0;0;0;0;0;0;284
2022;Irigny;69100;HTA;1;2236,309;0;0;0;0;2;3532,025;0;0;285
2023;Irigny;69100;BT <= 36 kVA;117;293,734;0;0;0;0;0;0;0;0;286
2023;Irigny;69100;BT > 36 kVA;3;173,592;0;0;0;0;0;0;0;0;287
2023;Irigny;69100;HTA;1;2011,405;0;0;0;0;2;3516,715;0;0;288
2015;Limonest;69116;BT <= 36 kVA;16;1005,754503;0;0;0;0;0;0;0;0;289
2016;Limonest;69116;BT <= 36 kVA;15;90,29465318;0;0;0;0;0;0;0;0;290
2017;Limonest;69116;BT <= 36 kVA;16;102,782;0;0;0;0;0;0;0;0;291
2018;Limonest;69116;BT <= 36 kVA;17;105,2009392;0;0;0;0;0;0;0;0;292
2019;Limonest;69116;BT <= 36 kVA;23;116,2766721;0;0;0;0;0;0;0;0;293
2020;Limonest;69116;BT <= 36 kVA;26;203,9575305;0;0;0;0;0;0;0;0;294
2021;Limonest;69116;BT <= 36 kVA;31;153,237;0;0;0;0;0;0;0;0;295
2021;Limonest;69116;BT > 36 kVA;1;24,441;0;0;0;0;0;0;0;0;296
2022;Limonest;69116;BT <= 36 kVA;39;150,214;0;0;0;0;0;0;0;0;297
2022;Limonest;69116;BT > 36 kVA;2;33,636;0;0;0;0;0;0;0;0;298
2023;Limonest;69116;BT <= 36 kVA;56;196,249;0;0;0;0;0;0;0;0;299
2023;Limonest;69116;BT > 36 kVA;2;26,475;0;0;0;0;0;0;0;0;300
2015;Lissieu;69117;BT <= 36 kVA;27;64,44198446;0;0;0;0;0;0;0;0;301
2016;Lissieu;69117;BT <= 36 kVA;27;68,64547124;0;0;0;0;0;0;0;0;302
2017;Lissieu;69117;BT <= 36 kVA;30;78,937;0;0;0;0;0;0;0;0;303
2018;Lissieu;69117;BT <= 36 kVA;33;82,85992543;0;0;0;0;0;0;0;0;304
2019;Lissieu;69117;BT <= 36 kVA;34;95,74623618;0;0;0;0;0;0;0;0;305
2020;Lissieu;69117;BT <= 36 kVA;36;93,8114348;0;0;0;0;0;0;0;0;306
2021;Lissieu;69117;BT <= 36 kVA;43;98,796;0;0;0;0;0;0;0;0;307
2022;Lissieu;69117;BT <= 36 kVA;44;111,788;0;0;0;0;0;0;0;0;308
2023;Lissieu;69117;BT <= 36 kVA;56;123,446;0;0;0;0;0;0;0;0;309
2023;Lissieu;69117;BT > 36 kVA;1;15,3;0;0;0;0;0;0;0;0;310
2015;Lyon;69123;BT <= 36 kVA;131;672,0058028;0;0;0;0;0;0;0;0;311
2015;Lyon;69123;BT > 36 kVA;10;925,558051;0;0;0;0;1;788,359;0;0;312
2015;Lyon;69123;HTA;1;383,895;0;0;1;30805,102;0;0;0;0;313
2016;Lyon;69123;BT <= 36 kVA;156;902,8262745;0;0;0;0;0;0;0;0;314
2016;Lyon;69123;BT > 36 kVA;12;1058,28553;0;0;0;0;1;798,93;0;0;315
2016;Lyon;69123;HTA;1;367,625;0;0;1;31636,079;0;0;0;0;316
2017;Lyon;69123;BT <= 36 kVA;148;880,615;0;0;0;0;0;0;0;0;317
2017;Lyon;69123;BT > 36 kVA;15;1278,398;0;0;0;0;1;807,671;0;0;318
2017;Lyon;69123;HTA;1;384,841;0;0;1;30741,044;2;6127,879;0;0;319
2018;Lyon;69123;BT <= 36 kVA;151;913,0362589;0;0;0;0;0;0;0;0;320
2018;Lyon;69123;BT > 36 kVA;15;1461,725414;0;0;0;0;1;807,7845;0;0;321
2018;Lyon;69123;HTA;1;389,4148333;0;0;1;35679,69683;2;15818,75217;0;0;322
2019;Lyon;69123;BT <= 36 kVA;163;932,7540947;0;0;0;0;0;0;0;0;323
2019;Lyon;69123;BT > 36 kVA;15;1401,581167;0;0;0;0;1;823,5458333;0;0;324
2019;Lyon;69123;HTA;1;426,2811667;0;0;1;35763,21417;3;42647,56267;0;0;325
2020;Lyon;69123;BT <= 36 kVA;179;935,1191756;0;0;0;0;0;0;0;0;326
2020;Lyon;69123;BT > 36 kVA;17;1854,585667;0;0;0;0;1;807,2576667;0;0;327
2020;Lyon;69123;HTA;2;419,5755;0;0;1;27371,13267;3;43278,66;1;0;328
2021;Lyon;69123;BT > 36 kVA;21;2042,723;0;0;0;0;1;570,612;0;0;330
2021;Lyon;69123;HTA;2;400,789;0;0;1;19776,642;4;42206,435;0;0;331
2022;Lyon;69123;BT <= 36 kVA;208;958,59;0;0;0;0;0;0;0;0;332
2022;Lyon;69123;BT > 36 kVA;21;2234,473;0;0;0;0;1;0;1;2,774;333
2022;Lyon;69123;HTA;4;518,339;0;0;1;11066,845;4;35419,722;0;0;334
2023;Lyon;69123;BT <= 36 kVA;279;1276,007;0;0;0;0;0;0;0;0;335
2023;Lyon;69123;BT > 36 kVA;23;2204,892;0;0;1;0,266;1;0;1;0,063;336
2023;Lyon;69123;HTA;7;530,269;0;0;1;19134,602;4;42587,732;0;0;337
2015;Marcy-l'Étoile;69127;BT <= 36 kVA;20;61,55397058;0;0;0;0;0;0;0;0;338
2016;Marcy-l'Étoile;69127;BT <= 36 kVA;19;53,74760416;0;0;0;0;0;0;0;0;339
2017;Marcy-l'Étoile;69127;BT <= 36 kVA;22;65,495;0;0;0;0;0;0;0;0;340
2018;Marcy-l'Étoile;69127;BT <= 36 kVA;27;73,7846948;0;0;0;0;0;0;0;0;341
2019;Marcy-l'Étoile;69127;BT <= 36 kVA;28;89,84034896;0;0;0;0;0;0;0;0;342
2020;Marcy-l'Étoile;69127;BT <= 36 kVA;29;83,45291927;0;0;0;0;0;0;0;0;343
2021;Marcy-l'Étoile;69127;BT <= 36 kVA;32;84,16;0;0;0;0;0;0;0;0;344
2021;Marcy-l'Étoile;69127;BT > 36 kVA;1;87,488;0;0;0;0;0;0;0;0;345
2022;Marcy-l'Étoile;69127;BT <= 36 kVA;41;101,597;0;0;0;0;0;0;0;0;346
2022;Marcy-l'Étoile;69127;BT > 36 kVA;1;119,204;0;0;0;0;0;0;0;0;347
2023;Marcy-l'Étoile;69127;BT <= 36 kVA;64;133,124;0;0;0;0;0;0;0;0;348
2023;Marcy-l'Étoile;69127;BT > 36 kVA;2;107,034;0;0;0;0;0;0;0;0;349
2015;La Mulatière;69142;BT <= 36 kVA;;;0;0;0;0;0;0;0;0;350
2016;La Mulatière;69142;BT <= 36 kVA;;;0;0;0;0;0;0;0;0;351
2017;La Mulatière;69142;BT <= 36 kVA;;;0;0;0;0;0;0;0;0;352
2018;La Mulatière;69142;BT <= 36 kVA;;;0;0;0;0;0;0;0;0;353
2019;La Mulatière;69142;BT <= 36 kVA;;;0;0;0;0;0;0;0;0;354
2020;La Mulatière;69142;BT <= 36 kVA;;;0;0;0;0;0;0;0;0;355
2021;La Mulatière;69142;BT <= 36 kVA;;;0;0;0;0;0;0;0;0;356
2022;La Mulatière;69142;BT <= 36 kVA;;;0;0;0;0;0;0;0;0;357
2023;La Mulatière;69142;BT <= 36 kVA;;;0;0;0;0;0;0;0;0;358
2015;Neuville-sur-Saône;69143;BT <= 36 kVA;13;40,00648253;0;0;0;0;0;0;0;0;359
2016;Neuville-sur-Saône;69143;BT <= 36 kVA;13;40,56724713;0;0;0;0;0;0;0;0;360
2017;Neuville-sur-Saône;69143;BT <= 36 kVA;14;40,79;0;0;0;0;0;0;0;0;361
2018;Neuville-sur-Saône;69143;BT <= 36 kVA;16;44,1773548;0;0;0;0;0;0;0;0;362
2019;Neuville-sur-Saône;69143;BT <= 36 kVA;17;49,77219622;0;0;0;0;0;0;0;0;363
2020;Neuville-sur-Saône;69143;BT <= 36 kVA;16;40,75360787;0;0;0;0;0;0;0;0;364
2021;Neuville-sur-Saône;69143;BT <= 36 kVA;19;40,877;0;0;0;0;0;0;0;0;365
2022;Neuville-sur-Saône;69143;BT <= 36 kVA;22;58,361;0;0;0;0;0;0;0;0;366
2023;Neuville-sur-Saône;69143;BT <= 36 kVA;34;81,707;0;0;0;0;0;0;0;0;367
2015;Oullins;69149;BT <= 36 kVA;29;77,86329031;0;0;0;0;0;0;0;0;368
2015;Oullins;69149;HTA;0;0;0;0;0;0;1;6810,69;0;0;369
2016;Oullins;69149;BT <= 36 kVA;29;74,96992331;0;0;0;0;0;0;0;0;370
2016;Oullins;69149;HTA;0;0;0;0;0;0;1;6487,046;0;0;371
2017;Oullins;69149;BT <= 36 kVA;32;82,953;0;0;0;0;0;0;0;0;372
2017;Oullins;69149;HTA;0;0;0;0;0;0;1;6373,435;0;0;373
2018;Oullins;69149;BT <= 36 kVA;32;93,40647732;0;0;0;0;0;0;0;0;374
2018;Oullins;69149;HTA;0;0;0;0;0;0;1;6720,888333;0;0;375
2019;Oullins;69149;BT <= 36 kVA;35;107,9320588;0;0;0;0;0;0;0;0;376
2019;Oullins;69149;HTA;0;0;0;0;0;0;1;6641,201;0;0;377
2020;Oullins;69149;BT <= 36 kVA;39;107,2770436;0;0;0;0;0;0;0;0;378
2020;Oullins;69149;HTA;0;0;0;0;0;0;1;6642,886;0;0;379
2021;Oullins;69149;BT <= 36 kVA;43;106,373;0;0;0;0;0;0;0;0;380
2021;Oullins;69149;HTA;0;0;0;0;0;0;1;5833,845;0;0;381
2022;Oullins;69149;BT <= 36 kVA;51;134,474;0;0;0;0;0;0;0;0;382
2022;Oullins;69149;HTA;0;0;0;0;0;0;1;5216,998;0;0;383
2023;Oullins;69149;BT <= 36 kVA;62;190,953;0;0;0;0;0;0;0;0;384
2023;Oullins;69149;BT > 36 kVA;1;0,169;0;0;0;0;0;0;0;0;385
2023;Oullins;69149;HTA;0;0;0;0;0;0;1;6596,782;0;0;386
2015;Pierre-Bénite;69152;BT <= 36 kVA;;;0;0;0;0;0;0;0;0;387
2015;Pierre-Bénite;69152;HTA;0;0;1;51824,365;0;0;0;0;0;0;388
2016;Pierre-Bénite;69152;BT <= 36 kVA;;;0;0;0;0;0;0;0;0;389
2016;Pierre-Bénite;69152;HTA;0;0;1;41987,348;0;0;1;5705,282;0;0;390
2017;Pierre-Bénite;69152;BT <= 36 kVA;;;0;0;0;0;0;0;0;0;391
2017;Pierre-Bénite;69152;HTA;0;0;1;60436,231;0;0;1;13940,752;0;0;392
2018;Pierre-Bénite;69152;BT <= 36 kVA;;;0;0;0;0;0;0;0;0;393
2018;Pierre-Bénite;69152;HTA;0;0;1;53290,72317;0;0;1;14882,21033;0;0;394
2019;Pierre-Bénite;69152;BT <= 36 kVA;34;102,8078279;0;0;0;0;0;0;0;0;395
2019;Pierre-Bénite;69152;HTA;0;0;1;56677,0305;0;0;1;15184,82917;0;0;396
2020;Pierre-Bénite;69152;BT <= 36 kVA;38;110,3583486;0;0;0;0;0;0;0;0;397
2020;Pierre-Bénite;69152;BT > 36 kVA;2;427,23;0;0;0;0;0;0;0;0;398
2020;Pierre-Bénite;69152;HTA;1;1128,7605;1;53192,41533;0;0;1;15158,20617;0;0;399
2021;Pierre-Bénite;69152;BT <= 36 kVA;39;118,76;0;0;0;0;0;0;0;0;400
2021;Pierre-Bénite;69152;BT > 36 kVA;3;453,283;0;0;0;0;0;0;0;0;401
2021;Pierre-Bénite;69152;HTA;1;1354,899;1;46399,855;0;0;1;12420,263;0;0;402
2022;Pierre-Bénite;69152;BT <= 36 kVA;48;134,283;0;0;0;0;0;0;0;0;403
2022;Pierre-Bénite;69152;BT > 36 kVA;3;506,617;0;0;0;0;0;0;0;0;404
2022;Pierre-Bénite;69152;HTA;1;1504,309;1;48885,582;0;0;1;12728,644;0;0;405
2023;Pierre-Bénite;69152;BT <= 36 kVA;;;0;0;0;0;0;0;0;0;406
2023;Pierre-Bénite;69152;BT > 36 kVA;3;441,201;0;0;0;0;0;0;0;0;407
2023;Pierre-Bénite;69152;HTA;1;1329,534;1;36213,409;0;0;1;15448,745;0;0;408
2015;Poleymieux-au-Mont-d'Or;69153;BT <= 36 kVA;10;37,21997137;0;0;0;0;0;0;0;0;409
2016;Poleymieux-au-Mont-d'Or;69153;BT <= 36 kVA;10;32,2669603;0;0;0;0;0;0;0;0;410
2017;Poleymieux-au-Mont-d'Or;69153;BT <= 36 kVA;;;0;0;0;0;0;0;0;0;411
2018;Poleymieux-au-Mont-d'Or;69153;BT <= 36 kVA;10;35,44561176;0;0;0;0;0;0;0;0;412
2019;Poleymieux-au-Mont-d'Or;69153;BT <= 36 kVA;10;36,77882093;0;0;0;0;0;0;0;0;413
2020;Poleymieux-au-Mont-d'Or;69153;BT <= 36 kVA;10;36,01335345;0;0;0;0;0;0;0;0;414
2021;Poleymieux-au-Mont-d'Or;69153;BT <= 36 kVA;12;40,427;0;0;0;0;0;0;0;0;415
2022;Poleymieux-au-Mont-d'Or;69153;BT <= 36 kVA;13;39,782;0;0;0;0;0;0;0;0;416
2023;Poleymieux-au-Mont-d'Or;69153;BT <= 36 kVA;18;47,4;0;0;0;0;0;0;0;0;417
2015;Quincieux;69163;BT <= 36 kVA;35;107,8436038;0;0;0;0;0;0;0;0;418
2015;Quincieux;69163;HTA;1;9959,007;0;0;0;0;0;0;0;0;419
2016;Quincieux;69163;BT <= 36 kVA;35;106,1840076;0;0;0;0;0;0;0;0;420
2016;Quincieux;69163;HTA;1;8974,689;0;0;0;0;0;0;0;0;421
2017;Quincieux;69163;BT <= 36 kVA;39;118,108;0;0;0;0;0;0;0;0;422
2017;Quincieux;69163;HTA;1;8922,932;0;0;0;0;0;0;0;0;423
2018;Quincieux;69163;BT <= 36 kVA;43;132,7835548;0;0;0;0;0;0;0;0;424
2018;Quincieux;69163;HTA;1;9765,902167;0;0;0;0;0;0;0;0;425
2019;Quincieux;69163;BT <= 36 kVA;45;146,8462088;0;0;0;0;0;0;0;0;426
2019;Quincieux;69163;HTA;1;10290,5215;0;0;0;0;0;0;0;0;427
2020;Quincieux;69163;BT <= 36 kVA;50;141,7099038;0;0;0;0;0;0;0;0;428
2020;Quincieux;69163;HTA;2;15951,82733;0;0;0;0;0;0;0;0;429
2021;Quincieux;69163;BT <= 36 kVA;59;156,996;0;0;0;0;0;0;0;0;430
2021;Quincieux;69163;HTA;2;15157,899;0;0;0;0;0;0;0;0;431
2022;Quincieux;69163;BT <= 36 kVA;72;202,732;0;0;0;0;0;0;0;0;432
2022;Quincieux;69163;HTA;2;19726,547;0;0;0;0;0;0;0;0;433
2023;Quincieux;69163;BT <= 36 kVA;93;228,994;0;0;0;0;0;0;0;0;434
2023;Quincieux;69163;BT > 36 kVA;1;2,85;0;0;0;0;0;0;0;0;435
2023;Quincieux;69163;HTA;2;18044,389;0;0;0;0;0;0;0;0;436
2015;Rochetaillée-sur-Saône;69168;BT <= 36 kVA;;;0;0;0;0;0;0;0;0;437
2016;Rochetaillée-sur-Saône;69168;BT <= 36 kVA;;;0;0;0;0;0;0;0;0;438
2017;Rochetaillée-sur-Saône;69168;BT <= 36 kVA;;;0;0;0;0;0;0;0;0;439
2018;Rochetaillée-sur-Saône;69168;BT <= 36 kVA;;;0;0;0;0;0;0;0;0;440
2019;Rochetaillée-sur-Saône;69168;BT <= 36 kVA;;;0;0;0;0;0;0;0;0;441
2020;Rochetaillée-sur-Saône;69168;BT <= 36 kVA;10;36,88958166;0;0;0;0;0;0;0;0;442
2021;Rochetaillée-sur-Saône;69168;BT <= 36 kVA;12;42,262;0;0;0;0;0;0;0;0;443
2022;Rochetaillée-sur-Saône;69168;BT <= 36 kVA;12;45,879;0;0;0;0;0;0;0;0;444
2023;Rochetaillée-sur-Saône;69168;BT <= 36 kVA;16;51,829;0;0;0;0;0;0;0;0;445
2023;Rochetaillée-sur-Saône;69168;BT > 36 kVA;1;0,221;0;0;0;0;0;0;0;0;446
2015;Saint-Cyr-au-Mont-d'Or;69191;BT <= 36 kVA;;;0;0;0;0;0;0;0;0;447
2016;Saint-Cyr-au-Mont-d'Or;69191;BT <= 36 kVA;;;0;0;0;0;0;0;0;0;448
2017;Saint-Cyr-au-Mont-d'Or;69191;BT <= 36 kVA;32;89,835;0;0;0;0;0;0;0;0;449
2018;Saint-Cyr-au-Mont-d'Or;69191;BT <= 36 kVA;34;86,15335304;0;0;0;0;0;0;0;0;450
2019;Saint-Cyr-au-Mont-d'Or;69191;BT <= 36 kVA;37;101,2634495;0;0;0;0;0;0;0;0;451
2020;Saint-Cyr-au-Mont-d'Or;69191;BT <= 36 kVA;44;111,7682086;0;0;0;0;0;0;0;0;452
2021;Saint-Cyr-au-Mont-d'Or;69191;BT <= 36 kVA;54;123,629;0;0;0;0;0;0;0;0;453
2022;Saint-Cyr-au-Mont-d'Or;69191;BT <= 36 kVA;63;158,541;0;0;0;0;0;0;0;0;454
2023;Saint-Cyr-au-Mont-d'Or;69191;BT <= 36 kVA;98;220,226;0;0;0;0;0;0;0;0;455
2015;Saint-Didier-au-Mont-d'Or;69194;BT <= 36 kVA;33;104,7340854;0;0;0;0;0;0;0;0;456
2016;Saint-Didier-au-Mont-d'Or;69194;BT <= 36 kVA;36;112,4694834;0;0;0;0;0;0;0;0;457
2017;Saint-Didier-au-Mont-d'Or;69194;BT <= 36 kVA;36;119,26;0;0;0;0;0;0;0;0;458
2018;Saint-Didier-au-Mont-d'Or;69194;BT <= 36 kVA;38;123,0754347;0;0;0;0;0;0;0;0;459
2019;Saint-Didier-au-Mont-d'Or;69194;BT <= 36 kVA;44;144,7122706;0;0;0;0;0;0;0;0;460
2020;Saint-Didier-au-Mont-d'Or;69194;BT <= 36 kVA;51;144,486107;0;0;0;0;0;0;0;0;461
2021;Saint-Didier-au-Mont-d'Or;69194;BT <= 36 kVA;59;152,621;0;0;0;0;0;0;0;0;462
2022;Saint-Didier-au-Mont-d'Or;69194;BT <= 36 kVA;73;182,801;0;0;0;0;0;0;0;0;463
2023;Saint-Didier-au-Mont-d'Or;69194;BT <= 36 kVA;;;0;0;0;0;0;0;0;0;464
2015;Saint-Fons;69199;BT <= 36 kVA;27;112,2019116;0;0;0;0;0;0;0;0;465
2015;Saint-Fons;69199;BT > 36 kVA;0;0;0;0;0;0;1;787,863;0;0;466
2015;Saint-Fons;69199;HTA;1;2294,285;0;0;0;0;0;0;0;0;467
2016;Saint-Fons;69199;BT <= 36 kVA;28;112,3860963;0;0;0;0;0;0;0;0;468
2016;Saint-Fons;69199;BT > 36 kVA;0;0;0;0;0;0;1;747,663;0;0;469
2016;Saint-Fons;69199;HTA;1;2016,048;0;0;0;0;0;0;0;0;470
2017;Saint-Fons;69199;BT <= 36 kVA;30;142,218;0;0;0;0;0;0;0;0;471
2017;Saint-Fons;69199;BT > 36 kVA;0;0;0;0;0;0;1;695,342;0;0;472
2017;Saint-Fons;69199;HTA;1;2196,25;0;0;0;0;0;0;0;0;473
2018;Saint-Fons;69199;BT <= 36 kVA;32;165,7383314;0;0;0;0;0;0;0;0;474
2018;Saint-Fons;69199;BT > 36 kVA;0;0;0;0;0;0;1;763,141;0;0;475
2018;Saint-Fons;69199;HTA;1;2070,529167;0;0;0;0;0;0;0;0;476
2019;Saint-Fons;69199;BT <= 36 kVA;33;161,4298744;0;0;0;0;0;0;0;0;477
2019;Saint-Fons;69199;BT > 36 kVA;0;0;0;0;0;0;1;744,2381667;0;0;478
2019;Saint-Fons;69199;HTA;1;2380,102667;0;0;0;0;0;0;0;0;479
2020;Saint-Fons;69199;BT <= 36 kVA;34;146,429833;0;0;0;0;0;0;0;0;480
2020;Saint-Fons;69199;BT > 36 kVA;0;0;0;0;0;0;1;751,0721667;0;0;481
2020;Saint-Fons;69199;HTA;1;2326,571667;0;0;0;0;0;0;0;0;482
2021;Saint-Fons;69199;BT <= 36 kVA;34;115,181;0;0;0;0;0;0;0;0;483
2021;Saint-Fons;69199;BT > 36 kVA;0;0;0;0;0;0;0;0;0;0;484
2021;Saint-Fons;69199;HTA;1;2226,493;0;0;0;0;0;0;0;0;485
2022;Saint-Fons;69199;BT <= 36 kVA;43;138,507;0;0;0;0;0;0;0;0;486
2022;Saint-Fons;69199;HTA;2;2759,882;0;0;0;0;0;0;0;0;487
2023;Saint-Fons;69199;BT <= 36 kVA;51;166,851;0;0;0;0;0;0;0;0;488
2023;Saint-Fons;69199;HTA;2;3436,596;0;0;0;0;0;0;0;0;489
2015;Sainte-Foy-lès-Lyon;69202;BT <= 36 kVA;42;144,2073876;0;0;0;0;0;0;0;0;490
2016;Sainte-Foy-lès-Lyon;69202;BT <= 36 kVA;47;132,0193066;0;0;0;0;0;0;0;0;491
2017;Sainte-Foy-lès-Lyon;69202;BT <= 36 kVA;47;150,622;0;0;0;0;0;0;0;0;492
2018;Sainte-Foy-lès-Lyon;69202;BT <= 36 kVA;48;153,6448151;0;0;0;0;0;0;0;0;493
2019;Sainte-Foy-lès-Lyon;69202;BT <= 36 kVA;50;306,7087555;0;0;0;0;0;0;0;0;494
2020;Sainte-Foy-lès-Lyon;69202;BT <= 36 kVA;54;163,393809;0;0;0;0;0;0;0;0;495
2021;Sainte-Foy-lès-Lyon;69202;BT <= 36 kVA;59;160,871;0;0;0;0;0;0;0;0;496
2022;Sainte-Foy-lès-Lyon;69202;BT <= 36 kVA;71;189,045;0;0;0;0;0;0;0;0;497
2023;Sainte-Foy-lès-Lyon;69202;BT <= 36 kVA;111;240,592;0;0;0;0;0;0;0;0;498
2015;Saint-Genis-Laval;69204;BT <= 36 kVA;91;309,5258561;0;0;0;0;0;0;0;0;499
2015;Saint-Genis-Laval;69204;HTA;0;0;0;0;0;0;1;2733,39;0;0;500
2016;Saint-Genis-Laval;69204;BT <= 36 kVA;95;302,9893196;0;0;0;0;0;0;0;0;501
2016;Saint-Genis-Laval;69204;HTA;0;0;0;0;0;0;1;2670,041;0;0;502
2017;Saint-Genis-Laval;69204;BT <= 36 kVA;95;327,038;0;0;0;0;0;0;0;0;503
2017;Saint-Genis-Laval;69204;BT > 36 kVA;1;114,444;0;0;0;0;0;0;0;0;504
2017;Saint-Genis-Laval;69204;HTA;0;0;0;0;0;0;1;2650,5;0;0;505
2018;Saint-Genis-Laval;69204;BT <= 36 kVA;104;330,1779537;0;0;0;0;0;0;0;0;506
2018;Saint-Genis-Laval;69204;BT > 36 kVA;1;109,1505809;0;0;0;0;0;0;0;0;507
2018;Saint-Genis-Laval;69204;HTA;0;0;0;0;0;0;1;2662,647667;0;0;508
2019;Saint-Genis-Laval;69204;BT <= 36 kVA;112;379,954249;0;0;0;0;0;0;0;0;509
2019;Saint-Genis-Laval;69204;BT > 36 kVA;1;113,777;0;0;0;0;0;0;0;0;510
2019;Saint-Genis-Laval;69204;HTA;0;0;0;0;0;0;1;1575,118167;0;0;511
2020;Saint-Genis-Laval;69204;BT <= 36 kVA;126;353,3135402;0;0;0;0;0;0;0;0;512
2020;Saint-Genis-Laval;69204;BT > 36 kVA;5;377,619;0;0;0;0;0;0;0;0;513
2019;Villeurbanne;69266;HTA;0;0;3;365974,4608;0;0;1;22025,9425;0;0;652
2020;Saint-Genis-Laval;69204;HTA;0;0;0;0;0;0;1;0;0;0;514
2021;Saint-Genis-Laval;69204;BT <= 36 kVA;138;335,914;0;0;0;0;0;0;0;0;515
2021;Saint-Genis-Laval;69204;BT > 36 kVA;5;387,024;0;0;0;0;0;0;0;0;516
2021;Saint-Genis-Laval;69204;HTA;0;0;0;0;1;223,857;0;0;0;0;517
2022;Saint-Genis-Laval;69204;BT <= 36 kVA;161;424,169;0;0;0;0;0;0;0;0;518
2022;Saint-Genis-Laval;69204;BT > 36 kVA;5;393,89;0;0;0;0;0;0;0;0;519
2022;Saint-Genis-Laval;69204;HTA;0;0;0;0;1;976,889;0;0;0;0;520
2023;Saint-Genis-Laval;69204;BT <= 36 kVA;234;562,21;0;0;0;0;0;0;0;0;521
2023;Saint-Genis-Laval;69204;BT > 36 kVA;5;353,125;0;0;0;0;0;0;0;0;522
2023;Saint-Genis-Laval;69204;HTA;1;0,832;0;0;1;1020,827;0;0;0;0;523
2015;Saint-Genis-les-Ollières;69205;BT <= 36 kVA;45;144,949738;0;0;0;0;0;0;0;0;524
2016;Saint-Genis-les-Ollières;69205;BT <= 36 kVA;46;166,616658;0;0;0;0;0;0;0;0;525
2017;Saint-Genis-les-Ollières;69205;BT <= 36 kVA;48;157,443;0;0;0;0;0;0;0;0;526
2018;Saint-Genis-les-Ollières;69205;BT <= 36 kVA;51;158,494765;0;0;0;0;0;0;0;0;527
2019;Saint-Genis-les-Ollières;69205;BT <= 36 kVA;54;174,9497102;0;0;0;0;0;0;0;0;528
2020;Saint-Genis-les-Ollières;69205;BT <= 36 kVA;57;180,4052522;0;0;0;0;0;0;0;0;529
2020;Saint-Genis-les-Ollières;69205;BT > 36 kVA;1;112,283;0;0;0;0;0;0;0;0;530
2021;Saint-Genis-les-Ollières;69205;BT <= 36 kVA;63;186,827;0;0;0;0;0;0;0;0;531
2021;Saint-Genis-les-Ollières;69205;BT > 36 kVA;1;105,586;0;0;0;0;0;0;0;0;532
2022;Saint-Genis-les-Ollières;69205;BT <= 36 kVA;84;229,303;0;0;0;0;0;0;0;0;533
2022;Saint-Genis-les-Ollières;69205;BT > 36 kVA;1;105,275;0;0;0;0;0;0;0;0;534
2023;Saint-Genis-les-Ollières;69205;BT <= 36 kVA;121;310,179;0;0;0;0;0;0;0;0;535
2023;Saint-Genis-les-Ollières;69205;BT > 36 kVA;1;96,552;0;0;0;0;0;0;0;0;536
2015;Saint-Germain-au-Mont-d'Or;69207;BT <= 36 kVA;16;45,32817509;0;0;0;0;0;0;0;0;537
2016;Saint-Germain-au-Mont-d'Or;69207;BT <= 36 kVA;16;40,70290735;0;0;0;0;0;0;0;0;538
2017;Saint-Germain-au-Mont-d'Or;69207;BT <= 36 kVA;17;44,886;0;0;0;0;0;0;0;0;539
2018;Saint-Germain-au-Mont-d'Or;69207;BT <= 36 kVA;18;47,61250936;0;0;0;0;0;0;0;0;540
2019;Saint-Germain-au-Mont-d'Or;69207;BT <= 36 kVA;19;47,9287411;0;0;0;0;0;0;0;0;541
2020;Saint-Germain-au-Mont-d'Or;69207;BT <= 36 kVA;21;72,4142468;0;0;0;0;0;0;0;0;542
2021;Saint-Germain-au-Mont-d'Or;69207;BT <= 36 kVA;22;79,897;0;0;0;0;0;0;0;0;543
2022;Saint-Germain-au-Mont-d'Or;69207;BT <= 36 kVA;25;87,902;0;0;0;0;0;0;0;0;544
2023;Saint-Germain-au-Mont-d'Or;69207;BT <= 36 kVA;34;97,304;0;0;0;0;0;0;0;0;545
2015;Saint-Romain-au-Mont-d'Or;69233;BT <= 36 kVA;11;30,42244358;0;0;0;0;0;0;0;0;546
2016;Saint-Romain-au-Mont-d'Or;69233;BT <= 36 kVA;11;30,56615258;0;0;0;0;0;0;0;0;547
2017;Saint-Romain-au-Mont-d'Or;69233;BT <= 36 kVA;11;36,23;0;0;0;0;0;0;0;0;548
2018;Saint-Romain-au-Mont-d'Or;69233;BT <= 36 kVA;12;37,38006756;0;0;0;0;0;0;0;0;549
2019;Saint-Romain-au-Mont-d'Or;69233;BT <= 36 kVA;12;39,34487672;0;0;0;0;0;0;0;0;550
2020;Saint-Romain-au-Mont-d'Or;69233;BT <= 36 kVA;13;39,46329242;0;0;0;0;0;0;0;0;551
2021;Saint-Romain-au-Mont-d'Or;69233;BT <= 36 kVA;14;37,197;0;0;0;0;0;0;0;0;552
2022;Saint-Romain-au-Mont-d'Or;69233;BT <= 36 kVA;18;43,97;0;0;0;0;0;0;0;0;553
2023;Saint-Romain-au-Mont-d'Or;69233;BT <= 36 kVA;22;50,814;0;0;0;0;0;0;0;0;554
2015;Tassin-la-Demi-Lune;69244;BT <= 36 kVA;33;105,7333682;0;0;0;0;0;0;0;0;555
2016;Tassin-la-Demi-Lune;69244;BT <= 36 kVA;33;107,7910827;0;0;0;0;0;0;0;0;556
2017;Tassin-la-Demi-Lune;69244;BT <= 36 kVA;36;119,787;0;0;0;0;0;0;0;0;557
2018;Tassin-la-Demi-Lune;69244;BT <= 36 kVA;39;123,6536152;0;0;0;0;0;0;0;0;558
2019;Tassin-la-Demi-Lune;69244;BT <= 36 kVA;42;127,9522239;0;0;0;0;0;0;0;0;559
2020;Tassin-la-Demi-Lune;69244;BT <= 36 kVA;50;140,0442089;0;0;0;0;0;0;0;0;560
2020;Tassin-la-Demi-Lune;69244;BT > 36 kVA;1;11,073;0;0;0;0;0;0;0;0;561
2021;Tassin-la-Demi-Lune;69244;BT <= 36 kVA;59;134,914;0;0;0;0;0;0;0;0;562
2021;Tassin-la-Demi-Lune;69244;BT > 36 kVA;1;8,551;0;0;0;0;0;0;0;0;563
2022;Tassin-la-Demi-Lune;69244;BT <= 36 kVA;72;169,466;0;0;0;0;0;0;0;0;564
2022;Tassin-la-Demi-Lune;69244;BT > 36 kVA;2;8,563;0;0;0;0;0;0;0;0;565
2023;Tassin-la-Demi-Lune;69244;BT <= 36 kVA;106;244,144;0;0;0;0;0;0;0;0;566
2023;Tassin-la-Demi-Lune;69244;BT > 36 kVA;2;8,683;0;0;0;0;0;0;0;0;567
2015;La Tour-de-Salvagny;69250;BT <= 36 kVA;46;215,3772901;0;0;0;0;0;0;0;0;568
2016;La Tour-de-Salvagny;69250;BT <= 36 kVA;46;207,5363481;0;0;0;0;0;0;0;0;569
2017;La Tour-de-Salvagny;69250;BT <= 36 kVA;46;215,716;0;0;0;0;0;0;0;0;570
2018;La Tour-de-Salvagny;69250;BT <= 36 kVA;48;212,1304257;0;0;0;0;0;0;0;0;571
2019;La Tour-de-Salvagny;69250;BT <= 36 kVA;53;230,9669808;0;0;0;0;0;0;0;0;572
2020;La Tour-de-Salvagny;69250;BT <= 36 kVA;54;217,7252345;0;0;0;0;0;0;0;0;573
2021;La Tour-de-Salvagny;69250;BT <= 36 kVA;60;210,84;0;0;0;0;0;0;0;0;574
2022;La Tour-de-Salvagny;69250;BT <= 36 kVA;75;255,05;0;0;0;0;0;0;0;0;575
2023;La Tour-de-Salvagny;69250;BT <= 36 kVA;106;275,336;0;0;0;0;0;0;0;0;576
2015;Vaulx-en-Velin;69256;BT <= 36 kVA;119;629,6156582;0;0;0;0;;;0;0;577
2015;Vaulx-en-Velin;69256;BT > 36 kVA;3;306,2262989;0;0;0;0;0;0;0;0;578
2015;Vaulx-en-Velin;69256;HTA;0;0;0;0;0;0;1;19613,83;0;0;579
2016;Vaulx-en-Velin;69256;BT <= 36 kVA;120;559,8750433;0;0;0;0;;;0;0;580
2016;Vaulx-en-Velin;69256;BT > 36 kVA;3;304,7836816;0;0;0;0;0;0;0;0;581
2016;Vaulx-en-Velin;69256;HTA;0;0;0;0;0;0;1;19824,707;0;0;582
2017;Vaulx-en-Velin;69256;BT <= 36 kVA;128;700,283;0;0;0;0;;;0;0;583
2017;Vaulx-en-Velin;69256;BT > 36 kVA;3;324,021;0;0;0;0;0;0;0;0;584
2017;Vaulx-en-Velin;69256;HTA;0;0;0;0;0;0;1;19740,952;0;0;585
2018;Vaulx-en-Velin;69256;BT <= 36 kVA;134;730,4718507;0;0;0;0;;;0;0;586
2018;Vaulx-en-Velin;69256;BT > 36 kVA;3;318,3584617;0;0;0;0;0;0;0;0;587
2018;Vaulx-en-Velin;69256;HTA;0;0;0;0;0;0;1;19309,12033;0;0;588
2019;Vaulx-en-Velin;69256;BT <= 36 kVA;138;772,8522986;0;0;0;0;;;0;0;589
2019;Vaulx-en-Velin;69256;BT > 36 kVA;3;314,2806667;0;0;0;0;0;0;0;0;590
2019;Vaulx-en-Velin;69256;HTA;0;0;0;0;0;0;1;19113,67183;0;0;591
2020;Vaulx-en-Velin;69256;BT <= 36 kVA;151;741,5036061;0;0;0;0;;;0;0;592
2020;Vaulx-en-Velin;69256;BT > 36 kVA;4;347,7586667;0;0;0;0;0;0;0;0;593
2020;Vaulx-en-Velin;69256;HTA;0;0;0;0;0;0;1;18735,871;0;0;594
2021;Vaulx-en-Velin;69256;BT <= 36 kVA;166;650,722;0;0;0;0;;;0;0;595
2021;Vaulx-en-Velin;69256;BT > 36 kVA;5;326,929;0;0;0;0;0;0;0;0;596
2021;Vaulx-en-Velin;69256;HTA;0;0;0;0;0;0;1;19092,251;0;0;597
2022;Vaulx-en-Velin;69256;BT <= 36 kVA;177;776,344;0;0;0;0;;;0;0;598
2022;Vaulx-en-Velin;69256;BT > 36 kVA;7;561,894;0;0;0;0;0;0;0;0;599
2022;Vaulx-en-Velin;69256;HTA;1;0,026;0;0;0;0;1;6044,254;0;0;600
2023;Vaulx-en-Velin;69256;BT <= 36 kVA;197;786,273;0;0;0;0;;;0;0;601
2023;Vaulx-en-Velin;69256;BT > 36 kVA;7;537,773;0;0;0;0;0;0;0;0;602
2023;Vaulx-en-Velin;69256;HTA;1;55,965;0;0;0;0;1;4077,358;0;0;603
2015;Vénissieux;69259;BT <= 36 kVA;67;308,5146032;0;0;0;0;0;0;0;0;604
2015;Vénissieux;69259;HTA;0;0;0;0;0;0;1;33148,461;1;118,866;605
2016;Vénissieux;69259;BT <= 36 kVA;70;310,8467047;0;0;0;0;0;0;0;0;606
2016;Vénissieux;69259;HTA;0;0;0;0;0;0;1;21802,027;0;0;607
2017;Vénissieux;69259;BT <= 36 kVA;76;393,62;0;0;0;0;0;0;0;0;608
2017;Vénissieux;69259;BT > 36 kVA;1;69,597;0;0;0;0;0;0;0;0;609
2017;Vénissieux;69259;HTA;0;0;0;0;0;0;1;21205,223;0;0;610
2018;Vénissieux;69259;BT <= 36 kVA;79;380,962747;0;0;0;0;0;0;0;0;611
2018;Vénissieux;69259;BT > 36 kVA;1;116,753064;0;0;0;0;0;0;0;0;612
2018;Vénissieux;69259;HTA;0;0;0;0;0;0;1;21941,84433;0;0;613
2019;Vénissieux;69259;BT <= 36 kVA;84;409,6658777;0;0;0;0;0;0;0;0;614
2019;Vénissieux;69259;BT > 36 kVA;1;122,353;0;0;0;0;0;0;0;0;615
2019;Vénissieux;69259;HTA;0;0;0;0;0;0;1;22311,728;0;0;616
2020;Vénissieux;69259;BT <= 36 kVA;88;356,7859312;0;0;0;0;0;0;0;0;617
2020;Vénissieux;69259;BT > 36 kVA;3;421,383;0;0;0;0;0;0;0;0;618
2020;Vénissieux;69259;HTA;1;7,000833333;0;0;0;0;1;22109,25683;0;0;619
2021;Vénissieux;69259;BT <= 36 kVA;101;377,254;0;0;0;0;0;0;0;0;620
2021;Vénissieux;69259;BT > 36 kVA;3;444,002;0;0;0;0;0;0;0;0;621
2021;Vénissieux;69259;HTA;1;10,557;0;0;0;0;1;21853,96;0;0;622
2022;Vénissieux;69259;BT <= 36 kVA;116;425,869;0;0;0;0;0;0;0;0;623
2022;Vénissieux;69259;BT > 36 kVA;4;487,138;0;0;0;0;0;0;0;0;624
2022;Vénissieux;69259;HTA;1;10,543;0;0;0;0;1;18168,448;0;0;625
2023;Vénissieux;69259;BT <= 36 kVA;144;459,197;0;0;0;0;0;0;0;0;626
2023;Vénissieux;69259;BT > 36 kVA;6;562,631;0;0;0;0;0;0;1;67,133;627
2023;Vénissieux;69259;HTA;1;8,324;0;0;0;0;1;21628,86;0;0;628
2015;Vernaison;69260;BT <= 36 kVA;29;82,54190526;0;0;0;0;0;0;0;0;629
2016;Vernaison;69260;BT <= 36 kVA;31;89,06194619;0;0;0;0;0;0;0;0;630
2017;Vernaison;69260;BT <= 36 kVA;33;98,068;0;0;0;0;0;0;0;0;631
2018;Vernaison;69260;BT <= 36 kVA;38;100,264904;0;0;0;0;0;0;0;0;632
2019;Vernaison;69260;BT <= 36 kVA;39;119,2388938;0;0;0;0;0;0;0;0;633
2020;Vernaison;69260;BT <= 36 kVA;43;113,8501766;0;0;0;0;0;0;0;0;634
2021;Vernaison;69260;BT <= 36 kVA;52;129,715;0;0;0;0;0;0;0;0;635
2022;Vernaison;69260;BT <= 36 kVA;59;154,185;0;0;0;0;0;0;0;0;636
2023;Vernaison;69260;BT <= 36 kVA;73;163,688;0;0;0;0;0;0;0;0;637
2015;Villeurbanne;69266;BT <= 36 kVA;114;542,0777108;0;0;0;0;0;0;0;0;638
2015;Villeurbanne;69266;BT > 36 kVA;1;119,6505185;0;0;0;0;0;0;0;0;639
2015;Villeurbanne;69266;HTA;0;0;3;341360,863;0;0;2;42347,634;0;0;640
2016;Villeurbanne;69266;BT <= 36 kVA;117;596,0780336;0;0;0;0;0;0;0;0;641
2016;Villeurbanne;69266;BT > 36 kVA;1;79,7932522;0;0;0;0;0;0;0;0;642
2016;Villeurbanne;69266;HTA;0;0;4;357047,646;0;0;2;43045,207;0;0;643
2017;Villeurbanne;69266;BT <= 36 kVA;118;588,945;0;0;0;0;0;0;0;0;644
2017;Villeurbanne;69266;BT > 36 kVA;3;198,268;0;0;0;0;0;0;0;0;645
2017;Villeurbanne;69266;HTA;0;0;3;276016,892;0;0;2;41528,147;0;0;646
2018;Villeurbanne;69266;BT <= 36 kVA;119;512,0178703;0;0;0;0;0;0;0;0;647
2018;Villeurbanne;69266;BT > 36 kVA;3;222,1629069;0;0;0;0;0;0;0;0;648
2018;Villeurbanne;69266;HTA;0;0;3;369240,333;0;0;2;43504,9105;0;0;649
2019;Villeurbanne;69266;BT <= 36 kVA;135;672,1167782;0;0;0;0;0;0;0;0;650
2019;Villeurbanne;69266;BT > 36 kVA;3;215,375;0;0;0;0;0;0;0;0;651
2020;Villeurbanne;69266;BT <= 36 kVA;153;808,2949996;0;0;0;0;0;0;;;653
2020;Villeurbanne;69266;BT > 36 kVA;4;316,865;0;0;0;0;0;0;0;0;654
2020;Villeurbanne;69266;HTA;0;0;3;317453,2397;0;0;0;0;0;0;655
2021;Villeurbanne;69266;BT <= 36 kVA;165;692,477;0;0;0;0;0;0;0;0;656
2021;Villeurbanne;69266;BT > 36 kVA;5;395,509;0;0;0;0;0;0;0;0;657
2021;Villeurbanne;69266;HTA;0;0;3;285872,622;0;0;0;0;0;0;658
2022;Villeurbanne;69266;BT <= 36 kVA;167;748,414;0;0;0;0;0;0;0;0;659
2022;Villeurbanne;69266;BT > 36 kVA;8;636,761;0;0;0;0;0;0;0;0;660
2022;Villeurbanne;69266;HTA;0;0;3;277202,826;0;0;0;0;0;0;661
2023;Villeurbanne;69266;BT <= 36 kVA;195;736,531;0;0;0;0;0;0;0;0;662
2023;Villeurbanne;69266;BT > 36 kVA;8;616,634;0;0;0;0;0;0;0;0;663
2023;Villeurbanne;69266;HTA;0;0;3;294155,602;0;0;0;0;0;0;664
2015;Chassieu;69271;BT <= 36 kVA;;;0;0;0;0;0;0;0;0;665
2016;Chassieu;69271;BT <= 36 kVA;83;234,2039351;0;0;0;0;0;0;0;0;666
2017;Chassieu;69271;BT <= 36 kVA;83;245,745;0;0;0;0;0;0;0;0;667
2018;Chassieu;69271;BT <= 36 kVA;85;243,8128594;0;0;0;0;0;0;0;0;668
2019;Chassieu;69271;BT <= 36 kVA;90;254,7011049;0;0;0;0;0;0;0;0;669
2020;Chassieu;69271;BT <= 36 kVA;;;0;0;0;0;0;0;0;0;670
2021;Chassieu;69271;BT <= 36 kVA;;;0;0;0;0;0;0;0;0;671
2021;Chassieu;69271;BT > 36 kVA;1;3,299;0;0;0;0;0;0;0;0;672
2022;Chassieu;69271;BT <= 36 kVA;;;0;0;0;0;0;0;0;0;673
2022;Chassieu;69271;BT > 36 kVA;1;20,758;0;0;0;0;0;0;0;0;674
2023;Chassieu;69271;BT <= 36 kVA;;;0;0;0;0;0;0;0;0;675
2023;Chassieu;69271;BT > 36 kVA;4;34,129;0;0;0;0;0;0;0;0;676
2015;Corbas;69273;BT <= 36 kVA;;;0;0;0;0;0;0;0;0;677
2015;Corbas;69273;BT > 36 kVA;1;122,4382641;0;0;0;0;0;0;0;0;678
2016;Corbas;69273;BT <= 36 kVA;;;0;0;0;0;0;0;0;0;679
2016;Corbas;69273;BT > 36 kVA;1;111,7897861;0;0;0;0;0;0;0;0;680
2017;Corbas;69273;BT <= 36 kVA;;;0;0;0;0;0;0;0;0;681
2017;Corbas;69273;BT > 36 kVA;1;117,698;0;0;0;0;0;0;0;0;682
2018;Corbas;69273;BT <= 36 kVA;;;0;0;0;0;0;0;0;0;683
2018;Corbas;69273;BT > 36 kVA;1;114,091176;0;0;0;0;0;0;0;0;684
2019;Corbas;69273;BT <= 36 kVA;;;0;0;0;0;0;0;0;0;685
2019;Corbas;69273;BT > 36 kVA;1;119,11;0;0;0;0;0;0;0;0;686
2019;Corbas;69273;HTA;1;9797,925833;0;0;0;0;0;0;0;0;687
2020;Corbas;69273;BT <= 36 kVA;;;0;0;0;0;0;0;0;0;688
2020;Corbas;69273;BT > 36 kVA;1;104,255;0;0;0;0;0;0;0;0;689
2020;Corbas;69273;HTA;2;19094,064;0;0;0;0;0;0;0;0;690
2021;Corbas;69273;BT <= 36 kVA;129;424,564;0;0;0;0;0;0;0;0;691
2021;Corbas;69273;BT > 36 kVA;1;113,915;0;0;0;0;0;0;0;0;692
2021;Corbas;69273;HTA;3;18633,871;0;0;0;0;0;0;0;0;693
2022;Corbas;69273;BT <= 36 kVA;141;464,28;0;0;0;0;0;0;0;0;694
2022;Corbas;69273;BT > 36 kVA;3;248,817;0;0;0;0;0;0;0;0;695
2022;Corbas;69273;HTA;4;25016,894;0;0;0;0;0;0;0;0;696
2023;Corbas;69273;BT <= 36 kVA;176;480,672;0;0;0;0;0;0;0;0;697
2023;Corbas;69273;BT > 36 kVA;7;553,507;0;0;0;0;0;0;0;0;698
2023;Corbas;69273;HTA;4;24393,587;0;0;0;0;0;0;0;0;699
2015;Décines-Charpieu;69275;BT <= 36 kVA;84;282,1739509;0;0;0;0;0;0;0;0;700
2015;Décines-Charpieu;69275;BT > 36 kVA;1;79,64798478;0;0;0;0;0;0;0;0;701
2016;Décines-Charpieu;69275;BT <= 36 kVA;86;287,9257459;0;0;0;0;0;0;0;0;702
2016;Décines-Charpieu;69275;BT > 36 kVA;1;71,50398626;0;0;0;0;0;0;0;0;703
2017;Décines-Charpieu;69275;BT <= 36 kVA;88;299,754;0;0;0;0;0;0;0;0;704
2017;Décines-Charpieu;69275;BT > 36 kVA;1;74,233;0;0;0;0;0;0;0;0;705
2018;Décines-Charpieu;69275;BT <= 36 kVA;102;307,4437855;0;0;0;0;0;0;0;0;706
2018;Décines-Charpieu;69275;BT > 36 kVA;1;71,05463829;0;0;0;0;0;0;0;0;707
2019;Décines-Charpieu;69275;BT <= 36 kVA;109;354,781192;0;0;0;0;0;0;0;0;708
2019;Décines-Charpieu;69275;BT > 36 kVA;1;80,082;0;0;0;0;0;0;0;0;709
2020;Décines-Charpieu;69275;BT <= 36 kVA;115;375,8385992;0;0;0;0;0;0;0;0;710
2020;Décines-Charpieu;69275;BT > 36 kVA;1;76,309;0;0;0;0;0;0;0;0;711
2021;Décines-Charpieu;69275;BT <= 36 kVA;138;381,521;0;0;0;0;0;0;0;0;712
2021;Décines-Charpieu;69275;BT > 36 kVA;1;71,577;0;0;0;0;0;0;0;0;713
2022;Décines-Charpieu;69275;BT <= 36 kVA;145;447,164;0;0;0;0;0;0;0;0;714
2022;Décines-Charpieu;69275;BT > 36 kVA;1;82,125;0;0;0;0;0;0;0;0;715
2022;Décines-Charpieu;69275;HTA;1;3252,87;0;0;0;0;0;0;0;0;716
2023;Décines-Charpieu;69275;BT <= 36 kVA;191;509,151;0;0;0;0;0;0;0;0;717
2023;Décines-Charpieu;69275;BT > 36 kVA;3;76,613;0;0;0;0;0;0;0;0;718
2023;Décines-Charpieu;69275;HTA;1;8669,329;0;0;0;0;0;0;0;0;719
2015;Feyzin;69276;BT <= 36 kVA;64;294,170373;0;0;0;0;0;0;0;0;720
2015;Feyzin;69276;BT > 36 kVA;1;37,51092134;0;0;0;0;0;0;0;0;721
2016;Feyzin;69276;BT <= 36 kVA;65;226,2226276;0;0;0;0;0;0;0;0;722
2016;Feyzin;69276;BT > 36 kVA;1;107,7334798;0;0;0;0;0;0;0;0;723
2017;Feyzin;69276;BT <= 36 kVA;70;253,595;0;0;0;0;0;0;0;0;724
2017;Feyzin;69276;BT > 36 kVA;1;111,608;0;0;0;0;0;0;0;0;725
2018;Feyzin;69276;BT <= 36 kVA;69;239,0409589;0;0;0;0;0;0;0;0;726
2018;Feyzin;69276;BT > 36 kVA;1;110,7565801;0;0;0;0;0;0;0;0;727
2019;Feyzin;69276;BT <= 36 kVA;74;267,4957781;0;0;0;0;0;0;0;0;728
2019;Feyzin;69276;BT > 36 kVA;1;114,363;0;0;0;0;0;0;0;0;729
2020;Feyzin;69276;BT <= 36 kVA;;;0;0;0;0;0;0;0;0;730
2020;Feyzin;69276;BT > 36 kVA;1;107,732;0;0;0;0;0;0;0;0;731
2021;Feyzin;69276;BT <= 36 kVA;;;0;0;0;0;0;0;0;0;732
2021;Feyzin;69276;BT > 36 kVA;1;101,246;0;0;0;0;0;0;0;0;733
2022;Feyzin;69276;BT <= 36 kVA;;;0;0;0;0;0;0;0;0;734
2022;Feyzin;69276;BT > 36 kVA;1;95,453;0;0;0;0;0;0;0;0;735
2023;Feyzin;69276;BT <= 36 kVA;;;0;0;0;0;0;0;0;0;736
2023;Feyzin;69276;BT > 36 kVA;1;95,351;0;0;0;0;0;0;0;0;737
2015;Genay;69278;BT <= 36 kVA;30;84,62476677;0;0;0;0;0;0;0;0;738
2015;Genay;69278;BT > 36 kVA;1;110,8166617;0;0;0;0;0;0;0;0;739
2016;Genay;69278;BT <= 36 kVA;31;78,71970704;0;0;0;0;0;0;0;0;740
2016;Genay;69278;BT > 36 kVA;1;101,6610379;0;0;0;0;0;0;0;0;741
2017;Genay;69278;BT <= 36 kVA;34;89,344;0;0;0;0;0;0;0;0;742
2017;Genay;69278;BT > 36 kVA;1;107,675;0;0;0;0;0;0;0;0;743
2018;Genay;69278;BT <= 36 kVA;37;90,90457091;0;0;0;0;0;0;0;0;744
2018;Genay;69278;BT > 36 kVA;1;99,08463725;0;0;0;0;0;0;0;0;745
2019;Genay;69278;BT <= 36 kVA;38;105,0509531;0;0;0;0;0;0;0;0;746
2019;Genay;69278;BT > 36 kVA;1;115,031;0;0;0;0;0;0;0;0;747
2020;Genay;69278;BT <= 36 kVA;43;103,0064067;0;0;0;0;0;0;0;0;748
2020;Genay;69278;BT > 36 kVA;1;111,055;0;0;0;0;0;0;0;0;749
2021;Genay;69278;BT <= 36 kVA;49;108,677;0;0;0;0;0;0;0;0;750
2021;Genay;69278;BT > 36 kVA;2;173,489;0;0;0;0;0;0;0;0;751
2022;Genay;69278;BT <= 36 kVA;56;128,16;0;0;0;0;0;0;0;0;752
2022;Genay;69278;BT > 36 kVA;2;178,028;0;0;0;0;0;0;0;0;753
2023;Genay;69278;BT <= 36 kVA;77;151,731;0;0;0;0;0;0;0;0;754
2023;Genay;69278;BT > 36 kVA;4;226,98;0;0;0;0;0;0;0;0;755
2015;Jonage;69279;BT <= 36 kVA;37;144,0591647;0;0;0;0;0;0;0;0;756
2015;Jonage;69279;BT > 36 kVA;2;121,2706636;0;0;0;0;0;0;0;0;757
2016;Jonage;69279;BT <= 36 kVA;;;0;0;0;0;0;0;0;0;758
2016;Jonage;69279;BT > 36 kVA;3;259,7223164;0;0;0;0;0;0;0;0;759
2017;Jonage;69279;BT <= 36 kVA;40;158,229;0;0;0;0;0;0;0;0;760
2017;Jonage;69279;BT > 36 kVA;3;272,387;0;0;0;0;0;0;0;0;761
2018;Jonage;69279;BT <= 36 kVA;45;158,4986735;0;0;0;0;0;0;0;0;762
2018;Jonage;69279;BT > 36 kVA;3;253,3496413;0;0;0;0;0;0;0;0;763
2019;Jonage;69279;BT <= 36 kVA;53;176,683107;0;0;0;0;0;0;0;0;764
2019;Jonage;69279;BT > 36 kVA;3;248,658;0;0;0;0;0;0;0;0;765
2020;Jonage;69279;BT <= 36 kVA;64;187,7552002;0;0;0;0;0;0;0;0;766
2020;Jonage;69279;BT > 36 kVA;3;245,277;0;0;0;0;0;0;0;0;767
2021;Jonage;69279;BT <= 36 kVA;69;187,123;0;0;0;0;0;0;0;0;768
2021;Jonage;69279;BT > 36 kVA;3;247,497;0;0;0;0;0;0;0;0;769
2022;Jonage;69279;BT <= 36 kVA;82;212,069;0;0;0;0;0;0;0;0;770
2022;Jonage;69279;BT > 36 kVA;6;495,61;0;0;0;0;0;0;0;0;771
2023;Jonage;69279;BT <= 36 kVA;116;280,034;0;0;0;0;0;0;0;0;772
2023;Jonage;69279;BT > 36 kVA;6;544,1;0;0;0;0;0;0;0;0;773
2015;Meyzieu;69282;BT <= 36 kVA;163;668,0658001;0;0;0;0;0;0;0;0;774
2015;Meyzieu;69282;BT > 36 kVA;4;435,2168816;0;0;0;0;0;0;0;0;775
2015;Meyzieu;69282;HTA;1;66,569;0;0;0;0;1;2676,169;0;0;776
2016;Meyzieu;69282;BT <= 36 kVA;168;628,2241195;0;0;0;0;0;0;0;0;777
2016;Meyzieu;69282;BT > 36 kVA;4;439,0262605;0;0;0;0;0;0;0;0;778
2016;Meyzieu;69282;HTA;1;68,129;0;0;0;0;1;2786,718;0;0;779
2017;Meyzieu;69282;BT <= 36 kVA;176;662,259;0;0;0;0;0;0;0;0;780
2017;Meyzieu;69282;BT > 36 kVA;4;472,105;0;0;0;0;0;0;0;0;781
2017;Meyzieu;69282;HTA;1;42,723;0;0;0;0;1;2725,491;0;0;782
2018;Meyzieu;69282;BT <= 36 kVA;190;714,8519758;0;0;0;0;0;0;0;0;783
2018;Meyzieu;69282;BT > 36 kVA;4;454,8012927;0;0;0;0;0;0;0;0;784
2018;Meyzieu;69282;HTA;1;67,2505;0;0;0;0;1;2766,555;0;0;785
2019;Meyzieu;69282;BT <= 36 kVA;204;795,7833399;0;0;0;0;0;0;0;0;786
2019;Meyzieu;69282;BT > 36 kVA;4;476,986;0;0;0;0;0;0;0;0;787
2019;Meyzieu;69282;HTA;1;63,381;0;0;0;0;1;2792,459667;0;0;788
2020;Meyzieu;69282;BT <= 36 kVA;230;820,6662469;0;0;0;0;0;0;0;0;789
2020;Meyzieu;69282;BT > 36 kVA;4;447,503;0;0;0;0;0;0;0;0;790
2020;Meyzieu;69282;HTA;1;51,90583333;0;0;0;0;1;2773,734833;0;0;791
2021;Meyzieu;69282;BT <= 36 kVA;256;742,712;0;0;0;0;0;0;0;0;792
2021;Meyzieu;69282;BT > 36 kVA;4;394,61;0;0;0;0;0;0;0;0;793
2021;Meyzieu;69282;HTA;2;334,019;0;0;0;0;1;2322,82;0;0;794
2022;Meyzieu;69282;BT <= 36 kVA;278;945,048;0;0;0;0;0;0;0;0;795
2022;Meyzieu;69282;BT > 36 kVA;4;401,114;0;0;0;0;0;0;0;0;796
2022;Meyzieu;69282;HTA;2;2479,704;0;0;0;0;1;1941,075;0;0;797
2023;Meyzieu;69282;BT <= 36 kVA;378;1044,21;0;0;0;0;0;0;0;0;798
2023;Meyzieu;69282;BT > 36 kVA;4;384,478;0;0;0;0;0;0;0;0;799
2023;Meyzieu;69282;HTA;4;2382,806;0;0;0;0;1;1596,674;1;167,339;800
2015;Mions;69283;BT <= 36 kVA;;;0;0;0;0;0;0;0;0;801
2016;Mions;69283;BT <= 36 kVA;92;259,3478319;0;0;0;0;0;0;0;0;802
2017;Mions;69283;BT <= 36 kVA;94;297,872;0;0;0;0;0;0;0;0;803
2018;Mions;69283;BT <= 36 kVA;99;308,0321398;0;0;0;0;0;0;0;0;804
2019;Mions;69283;BT <= 36 kVA;106;320,8154681;0;0;0;0;0;0;0;0;805
2020;Mions;69283;BT <= 36 kVA;117;325,9540388;0;0;0;0;0;0;0;0;806
2021;Mions;69283;BT <= 36 kVA;131;355,325;0;0;0;0;0;0;0;0;807
2022;Mions;69283;BT <= 36 kVA;151;416,887;0;0;0;0;0;0;0;0;808
2022;Mions;69283;BT > 36 kVA;1;47,544;0;0;0;0;0;0;0;0;809
2023;Mions;69283;BT <= 36 kVA;198;513,962;0;0;0;0;0;0;0;0;810
2023;Mions;69283;BT > 36 kVA;1;72,04;0;0;0;0;0;0;0;0;811
2015;Montanay;69284;BT <= 36 kVA;49;153,6871428;0;0;0;0;0;0;0;0;812
2016;Montanay;69284;BT <= 36 kVA;48;142,7144083;0;0;0;0;0;0;0;0;813
2017;Montanay;69284;BT <= 36 kVA;51;159,84;0;0;0;0;0;0;0;0;814
2018;Montanay;69284;BT <= 36 kVA;52;148,5121232;0;0;0;0;0;0;0;0;815
2019;Montanay;69284;BT <= 36 kVA;55;160,0969334;0;0;0;0;0;0;0;0;816
2020;Montanay;69284;BT <= 36 kVA;61;158,7179311;0;0;0;0;0;0;0;0;817
2021;Montanay;69284;BT <= 36 kVA;69;157,141;0;0;0;0;0;0;0;0;818
2022;Montanay;69284;BT <= 36 kVA;77;186,198;0;0;0;0;0;0;0;0;819
2023;Montanay;69284;BT <= 36 kVA;101;224,263;0;0;0;0;0;0;0;0;820
2015;Rillieux-la-Pape;69286;BT <= 36 kVA;87;276,2715359;0;0;0;0;0;0;0;0;821
2015;Rillieux-la-Pape;69286;BT > 36 kVA;1;40,963;0;0;0;0;0;0;0;0;822
2015;Rillieux-la-Pape;69286;HTA;0;0;0;0;1;13920,426;1;2866,589;0;0;823
2016;Rillieux-la-Pape;69286;BT <= 36 kVA;;;0;0;0;0;0;0;0;0;824
2016;Rillieux-la-Pape;69286;BT > 36 kVA;1;46,745;0;0;0;0;0;0;0;0;825
2016;Rillieux-la-Pape;69286;HTA;0;0;0;0;1;26376,445;1;3540,973;0;0;826
2017;Rillieux-la-Pape;69286;BT <= 36 kVA;;;0;0;0;0;0;0;0;0;827
2017;Rillieux-la-Pape;69286;BT > 36 kVA;1;51,849;0;0;0;0;0;0;0;0;828
2017;Rillieux-la-Pape;69286;HTA;0;0;0;0;1;20610,52;1;3332,237;0;0;829
2018;Rillieux-la-Pape;69286;BT <= 36 kVA;104;365,3272667;0;0;0;0;0;0;0;0;830
2018;Rillieux-la-Pape;69286;BT > 36 kVA;1;45,855;0;0;0;0;0;0;0;0;831
2018;Rillieux-la-Pape;69286;HTA;0;0;0;0;1;25270,95083;1;3506,7825;0;0;832
2019;Rillieux-la-Pape;69286;BT <= 36 kVA;110;408,7359942;0;0;0;0;0;0;0;0;833
2019;Rillieux-la-Pape;69286;BT > 36 kVA;1;48,21983333;0;0;0;0;0;0;0;0;834
2019;Rillieux-la-Pape;69286;HTA;0;0;0;0;1;27165,21717;1;3502,220667;0;0;835
2020;Rillieux-la-Pape;69286;BT <= 36 kVA;123;353,2645088;0;0;0;0;0;0;0;0;836
2020;Rillieux-la-Pape;69286;BT > 36 kVA;4;82,40083333;0;0;0;0;0;0;0;0;837
2020;Rillieux-la-Pape;69286;HTA;0;0;0;0;1;17443,32017;1;3458,8115;0;0;838
2021;Rillieux-la-Pape;69286;BT <= 36 kVA;133;340,251;0;0;0;0;0;0;0;0;839
2021;Rillieux-la-Pape;69286;BT > 36 kVA;4;77,115;0;0;0;0;0;0;0;0;840
2021;Rillieux-la-Pape;69286;HTA;0;0;0;0;1;27183,682;1;2880,633;0;0;841
2022;Rillieux-la-Pape;69286;BT <= 36 kVA;150;387,833;0;0;0;0;0;0;0;0;842
2022;Rillieux-la-Pape;69286;BT > 36 kVA;8;348,031;0;0;0;0;0;0;0;0;843
2022;Rillieux-la-Pape;69286;HTA;0;0;0;0;1;33360,412;1;2830,009;0;0;844
2023;Rillieux-la-Pape;69286;BT <= 36 kVA;194;485,84;0;0;0;0;0;0;0;0;845
2023;Rillieux-la-Pape;69286;BT > 36 kVA;9;371,272;0;0;0;0;0;0;0;0;846
2023;Rillieux-la-Pape;69286;HTA;0;0;0;0;1;25627,749;1;2087,094;0;0;847
2015;Saint-Priest;69290;BT <= 36 kVA;130;428,2485563;0;0;0;0;0;0;0;0;848
2015;Saint-Priest;69290;BT > 36 kVA;7;716,1383198;0;0;0;0;0;0;0;0;849
2015;Saint-Priest;69290;HTA;0;0;0;0;0;0;1;6693,984;0;0;850
2016;Saint-Priest;69290;BT <= 36 kVA;139;475,083448;0;0;0;0;0;0;0;0;851
2016;Saint-Priest;69290;BT > 36 kVA;8;770,1696102;0;0;0;0;0;0;0;0;852
2016;Saint-Priest;69290;HTA;0;0;0;0;0;0;1;6877,182;0;0;853
2017;Saint-Priest;69290;BT <= 36 kVA;146;541,072;0;0;0;0;0;0;0;0;854
2017;Saint-Priest;69290;BT > 36 kVA;7;755,51;0;0;0;0;0;0;0;0;855
2017;Saint-Priest;69290;HTA;0;0;0;0;0;0;1;6806,959;0;0;856
2018;Saint-Priest;69290;BT <= 36 kVA;151;583,4395281;0;0;0;0;0;0;0;0;857
2018;Saint-Priest;69290;BT > 36 kVA;8;778,3073826;0;0;0;0;0;0;0;0;858
2018;Saint-Priest;69290;HTA;0;0;0;0;0;0;1;6422,558333;0;0;859
2019;Saint-Priest;69290;BT <= 36 kVA;163;636,4495913;0;0;0;0;0;0;0;0;860
2019;Saint-Priest;69290;BT > 36 kVA;8;806,2696667;0;0;0;0;0;0;0;0;861
2019;Saint-Priest;69290;HTA;0;0;0;0;0;0;1;6582,544667;0;0;862
2020;Saint-Priest;69290;BT <= 36 kVA;180;613,2774363;0;0;0;0;0;0;;;863
2020;Saint-Priest;69290;BT > 36 kVA;8;778,6526667;0;0;0;0;1;21,774;0;0;864
2020;Saint-Priest;69290;HTA;0;0;0;0;0;0;1;6826,436167;0;0;865
2021;Saint-Priest;69290;BT <= 36 kVA;194;601,368;0;0;0;0;0;0;0;0;866
2021;Saint-Priest;69290;BT > 36 kVA;10;784,408;0;0;0;0;1;777,784;0;0;867
2021;Saint-Priest;69290;HTA;0;0;0;0;0;0;1;6751,902;0;0;868
2022;Saint-Priest;69290;BT <= 36 kVA;204;714,154;0;0;0;0;0;0;0;0;869
2022;Saint-Priest;69290;BT > 36 kVA;13;1082,77;0;0;0;0;1;477,654;0;0;870
2022;Saint-Priest;69290;HTA;0;0;0;0;0;0;1;6829,293;0;0;871
2023;Saint-Priest;69290;BT <= 36 kVA;272;804,545;0;0;0;0;0;0;0;0;872
2023;Saint-Priest;69290;BT > 36 kVA;17;1090,202;0;0;0;0;1;685,577;0;0;873
2023;Saint-Priest;69290;HTA;0;0;0;0;0;0;1;6708,944;0;0;874
2015;Sathonay-Camp;69292;BT <= 36 kVA;11;34,76644801;0;0;0;0;0;0;0;0;875
2016;Sathonay-Camp;69292;BT <= 36 kVA;12;34,73635489;0;0;0;0;0;0;0;0;876
2017;Sathonay-Camp;69292;BT <= 36 kVA;11;34,257;0;0;0;0;0;0;0;0;877
2018;Sathonay-Camp;69292;BT <= 36 kVA;12;36,12345809;0;0;0;0;0;0;0;0;878
2019;Sathonay-Camp;69292;BT <= 36 kVA;13;38,13771472;0;0;0;0;0;0;0;0;879
2020;Sathonay-Camp;69292;BT <= 36 kVA;13;34,1682499;0;0;0;0;0;0;0;0;880
2021;Sathonay-Camp;69292;BT <= 36 kVA;14;39,562;0;0;0;0;0;0;0;0;881
2022;Sathonay-Camp;69292;BT <= 36 kVA;14;39,837;0;0;0;0;0;0;0;0;882
2023;Sathonay-Camp;69292;BT <= 36 kVA;20;37,255;0;0;0;0;0;0;0;0;883
2015;Sathonay-Village;69293;BT <= 36 kVA;24;81,9982989;0;0;0;0;0;0;0;0;884
2016;Sathonay-Village;69293;BT <= 36 kVA;24;73,47649743;0;0;0;0;0;0;0;0;885
2017;Sathonay-Village;69293;BT <= 36 kVA;25;79,157;0;0;0;0;0;0;0;0;886
2018;Sathonay-Village;69293;BT <= 36 kVA;27;81,61034741;0;0;0;0;0;0;0;0;887
2019;Sathonay-Village;69293;BT <= 36 kVA;31;95,01245337;0;0;0;0;0;0;0;0;888
2020;Sathonay-Village;69293;BT <= 36 kVA;35;104,9890381;0;0;0;0;0;0;0;0;889
2021;Sathonay-Village;69293;BT <= 36 kVA;36;101,339;0;0;0;0;0;0;0;0;890
2022;Sathonay-Village;69293;BT <= 36 kVA;44;119,502;0;0;0;0;0;0;0;0;891
2023;Sathonay-Village;69293;BT <= 36 kVA;55;142,785;0;0;0;0;0;0;0;0;892
2015;Solaize;69296;BT <= 36 kVA;28;98,95502248;0;0;0;0;0;0;0;0;893
2015;Solaize;69296;BT > 36 kVA;1;76,65161749;0;0;0;0;0;0;0;0;894
2016;Solaize;69296;BT <= 36 kVA;28;98,58291305;0;0;0;0;0;0;0;0;895
2016;Solaize;69296;BT > 36 kVA;1;68,19260941;0;0;0;0;0;0;0;0;896
2016;Solaize;69296;HTA;0;0;0;0;0;0;1;1933,594;0;0;897
2017;Solaize;69296;BT <= 36 kVA;29;98,161;0;0;0;0;0;0;0;0;898
2017;Solaize;69296;BT > 36 kVA;1;72,182;0;0;0;0;0;0;0;0;899
2017;Solaize;69296;HTA;0;0;0;0;0;0;1;9431,45;1;5791,426;900
2018;Solaize;69296;BT <= 36 kVA;30;95,92427443;0;0;0;0;0;0;0;0;901
2018;Solaize;69296;BT > 36 kVA;1;71,78340277;0;0;0;0;0;0;0;0;902
2018;Solaize;69296;HTA;0;0;0;0;0;0;1;9517,106833;0;0;903
2019;Solaize;69296;BT <= 36 kVA;36;112,8052675;0;0;0;0;0;0;0;0;904
2019;Solaize;69296;BT > 36 kVA;1;75,489;0;0;0;0;0;0;0;0;905
2019;Solaize;69296;HTA;0;0;0;0;0;0;1;9402,098667;0;0;906
2020;Solaize;69296;BT <= 36 kVA;43;127,4804881;0;0;0;0;0;0;0;0;907
2020;Solaize;69296;BT > 36 kVA;1;63,795;0;0;0;0;0;0;0;0;908
2020;Solaize;69296;HTA;2;1910,4515;0;0;0;0;1;9530,662333;1;0;909
2021;Solaize;69296;BT <= 36 kVA;47;131,777;0;0;0;0;0;0;0;0;910
2021;Solaize;69296;BT > 36 kVA;1;60,429;0;0;0;0;0;0;0;0;911
2021;Solaize;69296;HTA;2;1924,838;0;0;0;0;1;9353,651;1;0;912
2022;Solaize;69296;BT <= 36 kVA;54;150,933;0;0;0;0;0;0;0;0;913
2022;Solaize;69296;BT > 36 kVA;1;66,969;0;0;0;0;0;0;0;0;914
2022;Solaize;69296;HTA;2;2040,544;0;0;0;0;1;9468,532;1;0;915
2023;Solaize;69296;BT <= 36 kVA;79;181,039;0;0;0;0;0;0;0;0;916
2023;Solaize;69296;BT > 36 kVA;1;60,846;0;0;0;0;0;0;0;0;917
2023;Solaize;69296;HTA;2;1862,174;0;0;0;0;1;9534,847;1;0;918
